
****** Vivado v2019.1 (64-bit)
  **** SW Build 2552052 on Fri May 24 14:49:42 MDT 2019
  **** IP Build 2548770 on Fri May 24 18:01:18 MDT 2019
    ** Copyright 1986-2019 Xilinx, Inc. All Rights Reserved.

source {vivado\build_mic_dma.tcl}
# set script_dir [file dirname [file normalize [info script]]]
# set repo_dir [file dirname $script_dir]
# set build_leaf mic_dma
# if {[info exists ::env(MIC_VIVADO_BUILD_LEAF)] && $::env(MIC_VIVADO_BUILD_LEAF) ne ""} {
#     set build_leaf $::env(MIC_VIVADO_BUILD_LEAF)
# }
# set build_dir [file join $script_dir build $build_leaf]
# set report_dir [file join $repo_dir reports generated]
# file mkdir $build_dir
# file mkdir $report_dir
# create_project -force mic_dma $build_dir -part xc7z020clg400-2
# set_property target_language Verilog [current_project]
# add_files -norecurse [list \
#     [file join $repo_dir rtl pcm_synthetic_source.sv] \
#     [file join $repo_dir rtl lc_ai_k210_7mic_frontend.sv] \
#     [file join $repo_dir rtl pcm_axis_packer.sv] \
#     [file join $repo_dir rtl mic_dma_pipeline.sv] \
#     [file join $repo_dir rtl mic_dma_pipeline_ref.v] \
#     [file join $repo_dir rtl resetn_inverter.v] \
#     [file join $repo_dir rtl pl_runtime_probe.sv] \
#     [file join $repo_dir rtl pl_runtime_probe_ref.v]]
# add_files -fileset constrs_1 -norecurse [file join $repo_dir vivado lc_ai_k210_7mic.xdc]
# add_files -fileset constrs_1 -norecurse [file join $repo_dir vivado pl_runtime_probe.xdc]
# set led_xdc [file join $repo_dir vivado pl_runtime_probe.xdc]
# set led_fh [open $led_xdc r]
# set led_text [read $led_fh]
# close $led_fh
# set led_pin_matches [regexp -all -inline {PACKAGE_PIN\s+([A-Z][0-9]+)\s+\[get_ports\s+\{([[:alnum:]_\[\]]+)\}\]} $led_text]
# if {[llength $led_pin_matches] != 12} {
#     error "unexpected runtime LED constraint count: $led_pin_matches"
# }
# set led_assignments [dict create]
# for {set i 0} {$i < [llength $led_pin_matches]} {incr i 3} {
#     dict set led_assignments [lindex $led_pin_matches [expr {$i + 1}]] [lindex $led_pin_matches [expr {$i + 2}]]
# }
# foreach {led_pin led_port} {
#     J14 {dbg_led_n[0]}
#     K14 {dbg_led_n[1]}
#     J18 {dbg_led_n[2]}
#     H18 {dbg_led_n[3]}
# } {
#     if {![dict exists $led_assignments $led_pin] || [dict get $led_assignments $led_pin] ne $led_port} {
#         error "runtime LED constraint missing or mismatched: $led_pin -> $led_port"
#     }
# }
# update_compile_order -fileset sources_1
# create_bd_design mic_dma_system
Wrote  : <D:\microphone\vivado\build\mic_dma_runtime_probe_20260903\mic_dma.srcs\sources_1\bd\mic_dma_system\mic_dma_system.bd> 
# source [file join $script_dir create_mic_dma_bd.tcl]
## set ps [create_bd_cell -type ip -vlnv xilinx.com:ip:processing_system7:5.5 processing_system7_0]
## set ps_config [file join [file dirname [file normalize [info script]]] ax7z020_ps7_properties.tcl]
## source -notrace $ps_config
## if {![info exists m0_ps7_properties]} { error "AX7Z020 PS7 property source missing: $ps_config" }
## set_property -dict $m0_ps7_properties $ps
## set_property -dict [list \
##     CONFIG.PCW_USE_M_AXI_GP0 {1} \
##     CONFIG.PCW_USE_S_AXI_HP0 {1} \
##     CONFIG.PCW_USE_FABRIC_INTERRUPT {1} \
##     CONFIG.PCW_IRQ_F2P_INTR {1} \
##     CONFIG.PCW_FPGA0_PERIPHERAL_FREQMHZ {50.0}] $ps
## make_bd_intf_pins_external [get_bd_intf_pins $ps/DDR]
## set_property name DDR [get_bd_intf_ports DDR_0]
## make_bd_intf_pins_external [get_bd_intf_pins $ps/FIXED_IO]
## set_property name FIXED_IO [get_bd_intf_ports FIXED_IO_0]
## set rst [create_bd_cell -type ip -vlnv xilinx.com:ip:proc_sys_reset:5.0 proc_sys_reset_0]
## set_property CONFIG.C_AUX_RESET_HIGH {1} $rst
INFO: [IP_Flow 19-5107] Inferred bus interface 'reset_o' of definition 'xilinx.com:signal:reset:1.0' (from Xilinx Repository).
INFO: [IP_Flow 19-234] Refreshing IP repositories
INFO: [IP_Flow 19-1704] No user IP repositories specified
## set reset_inv [create_bd_cell -type module -reference resetn_inverter resetn_inverter_0]
## set gp [create_bd_cell -type ip -vlnv xilinx.com:ip:axi_interconnect:2.1 gp0_control_interconnect]
## set_property -dict [list CONFIG.NUM_SI {1} CONFIG.NUM_MI {2}] $gp
## set hp [create_bd_cell -type ip -vlnv xilinx.com:ip:axi_interconnect:2.1 hp0_memory_interconnect]
## set_property -dict [list CONFIG.NUM_SI {1} CONFIG.NUM_MI {1}] $hp
## set dma [create_bd_cell -type ip -vlnv xilinx.com:ip:axi_dma:7.1 axi_dma_0]
## set_property -dict [list \
##     CONFIG.c_include_sg {0} \
##     CONFIG.c_include_mm2s {0} \
##     CONFIG.c_include_s2mm {1} \
##     CONFIG.c_s_axis_s2mm_tdata_width {32} \
##     CONFIG.c_sg_length_width {23} \
##     CONFIG.c_include_s2mm_dre {0}] $dma
CRITICAL WARNING: [BD 41-737] Cannot set the parameter c_s_axis_s2mm_tdata_width on /axi_dma_0. It is read-only.
INFO: [IP_Flow 19-5107] Inferred bus interface 'clk' of definition 'xilinx.com:signal:clock:1.0' (from X_INTERFACE_INFO parameter from HDL file).
INFO: [IP_Flow 19-5107] Inferred bus interface 'clk' of definition 'xilinx.com:signal:clock:1.0' (from 'X_INTERFACE_INFO' attribute).
INFO: [IP_Flow 19-5107] Inferred bus interface 'resetn' of definition 'xilinx.com:signal:reset:1.0' (from X_INTERFACE_INFO parameter from HDL file).
INFO: [IP_Flow 19-5107] Inferred bus interface 'resetn' of definition 'xilinx.com:signal:reset:1.0' (from 'X_INTERFACE_INFO' attribute).
INFO: [IP_Flow 19-5107] Inferred bus interface 'M_AXIS' of definition 'xilinx.com:interface:axis:1.0' (from X_INTERFACE_INFO parameter from HDL file).
INFO: [IP_Flow 19-5107] Inferred bus interface 'M_AXIS' of definition 'xilinx.com:interface:axis:1.0' (from 'X_INTERFACE_INFO' attribute).
INFO: [IP_Flow 19-4728] Bus Interface 'clk': Added interface parameter 'ASSOCIATED_BUSIF' with value 'M_AXIS'.
INFO: [IP_Flow 19-4728] Bus Interface 'clk': Added interface parameter 'ASSOCIATED_RESET' with value 'resetn'.
INFO: [IP_Flow 19-4728] Bus Interface 'resetn': Added interface parameter 'POLARITY' with value 'ACTIVE_LOW'.
INFO: [IP_Flow 19-4728] Bus Interface 'M_AXIS': Added interface parameter 'TDATA_NUM_BYTES' with value '4'.
INFO: [IP_Flow 19-4728] Bus Interface 'M_AXIS': Added interface parameter 'HAS_TKEEP' with value '1'.
INFO: [IP_Flow 19-4728] Bus Interface 'M_AXIS': Added interface parameter 'HAS_TLAST' with value '1'.
INFO: [IP_Flow 19-234] Refreshing IP repositories
INFO: [IP_Flow 19-1704] No user IP repositories specified
## set pipeline [create_bd_cell -type module -reference mic_dma_pipeline_ref mic_dma_pipeline_0]
## set source_mode 0
## if {[info exists ::env(MIC_SOURCE_MODE)] && $::env(MIC_SOURCE_MODE) ne ""} {
##     set source_mode $::env(MIC_SOURCE_MODE)
## }
## set_property -dict [list \
##     CONFIG.CHANNELS {8} \
##     CONFIG.SAMPLES_PER_FRAME {128} \
##     CONFIG.SOURCE_MODE $source_mode \
##     CONFIG.SOURCE_SEED {0x13579BDF}] $pipeline
INFO: [xilinx.com:ip:ila:6.2-6] /ila_0: Xilinx recommends using the System ILA IP in IP Integrator. The System ILA IP is functionally equivalent to an ILA and offers additional benefits in debugging interfaces both within IP Integrator and the Hardware Manager. Consult the Programming and Debug User Guide UG908 for further details.
## set ila [create_bd_cell -type ip -vlnv xilinx.com:ip:ila:6.2 ila_0]
## set_property -dict [list CONFIG.C_NUM_OF_PROBES {1} CONFIG.C_PROBE0_WIDTH {256} CONFIG.C_DATA_DEPTH {1024}] $ila
## set irqcat [create_bd_cell -type ip -vlnv xilinx.com:ip:xlconcat:2.1 irq_concat]
## set_property CONFIG.NUM_PORTS {1} $irqcat
## set c0 [create_bd_cell -type ip -vlnv xilinx.com:ip:xlconstant:1.1 const_zero]
## set_property -dict [list CONFIG.CONST_VAL {0} CONFIG.CONST_WIDTH {1}] $c0
## set c1 [create_bd_cell -type ip -vlnv xilinx.com:ip:xlconstant:1.1 const_one]
## set_property -dict [list CONFIG.CONST_VAL {1} CONFIG.CONST_WIDTH {1}] $c1
## set gpio_diag [create_bd_cell -type ip -vlnv xilinx.com:ip:axi_gpio:2.0 axi_gpio_diag]
## set_property -dict [list CONFIG.C_GPIO_WIDTH {1} CONFIG.C_ALL_INPUTS {1}] $gpio_diag
INFO: [IP_Flow 19-5107] Inferred bus interface 'interconnect_aresetn' of definition 'xilinx.com:signal:reset:1.0' (from Xilinx Repository).
INFO: [IP_Flow 19-5107] Inferred bus interface 'peripheral_aresetn' of definition 'xilinx.com:signal:reset:1.0' (from Xilinx Repository).
INFO: [IP_Flow 19-4728] Bus Interface 'interconnect_aresetn': Added interface parameter 'POLARITY' with value 'ACTIVE_LOW'.
INFO: [IP_Flow 19-4728] Bus Interface 'peripheral_aresetn': Added interface parameter 'POLARITY' with value 'ACTIVE_LOW'.
INFO: [IP_Flow 19-234] Refreshing IP repositories
INFO: [IP_Flow 19-1704] No user IP repositories specified
## set runtime_probe [create_bd_cell -type module -reference pl_runtime_probe_ref pl_runtime_probe_0]
## connect_bd_intf_net [get_bd_intf_pins $ps/M_AXI_GP0] [get_bd_intf_pins $gp/S00_AXI]
## connect_bd_intf_net [get_bd_intf_pins $gp/M00_AXI] [get_bd_intf_pins $dma/S_AXI_LITE]
## connect_bd_intf_net [get_bd_intf_pins $gp/M01_AXI] [get_bd_intf_pins $gpio_diag/S_AXI]
## connect_bd_intf_net [get_bd_intf_pins $pipeline/M_AXIS] [get_bd_intf_pins $dma/S_AXIS_S2MM]
## connect_bd_intf_net [get_bd_intf_pins $dma/M_AXI_S2MM] [get_bd_intf_pins $hp/S00_AXI]
## connect_bd_intf_net [get_bd_intf_pins $hp/M00_AXI] [get_bd_intf_pins $ps/S_AXI_HP0]
## connect_bd_net [get_bd_pins $dma/s2mm_introut] [get_bd_pins $irqcat/In0]
## connect_bd_net [get_bd_pins $irqcat/dout] [get_bd_pins $ps/IRQ_F2P]
## foreach {pin name} [list \
##     $pipeline/mic_d0 mic_d0 $pipeline/mic_d1 mic_d1 \
##     $pipeline/mic_d2 mic_d2 $pipeline/mic_d3 mic_d3 \
##     $pipeline/mic_bck mic_bck $pipeline/mic_ws mic_ws] {
##     make_bd_pins_external [get_bd_pins $pin]
##     set ext [lindex [get_bd_ports -of_objects [get_bd_pins $pin]] 0]
##     if {$ext ne ""} { set_property name $name $ext }
## }
WARNING: [BD 5-236] No ports matched 'get_bd_ports -of_objects /mic_dma_pipeline_0/mic_d0'
WARNING: [BD 5-236] No ports matched 'get_bd_ports -of_objects /mic_dma_pipeline_0/mic_d1'
WARNING: [BD 5-236] No ports matched 'get_bd_ports -of_objects /mic_dma_pipeline_0/mic_d2'
WARNING: [BD 5-236] No ports matched 'get_bd_ports -of_objects /mic_dma_pipeline_0/mic_d3'
WARNING: [BD 5-236] No ports matched 'get_bd_ports -of_objects /mic_dma_pipeline_0/mic_bck'
WARNING: [BD 5-236] No ports matched 'get_bd_ports -of_objects /mic_dma_pipeline_0/mic_ws'
## set fclk [get_bd_pins $ps/FCLK_CLK0]
## foreach pin [list \
##     $ps/M_AXI_GP0_ACLK $ps/S_AXI_HP0_ACLK \
##     $gp/ACLK $gp/S00_ACLK $gp/M00_ACLK $gp/M01_ACLK \
##     $hp/ACLK $hp/S00_ACLK $hp/M00_ACLK \
##     $dma/s_axi_lite_aclk $dma/m_axi_s2mm_aclk \
##     $pipeline/clk $ila/clk $rst/slowest_sync_clk] {
##     connect_bd_net $fclk [get_bd_pins $pin]
## }
## connect_bd_net [get_bd_pins $pipeline/debug_probe] [get_bd_pins $ila/probe0]
WARNING: [BD 41-1306] The connection to interface pin /ila_0/probe0 is being overridden by the user. This pin will not be connected as a part of interface connection SLOT_0_AXI
## connect_bd_net [get_bd_pins $ps/FCLK_RESET0_N] [get_bd_pins $reset_inv/resetn_i]
WARNING: [BD 41-1731] Type mismatch between connected pins: /processing_system7_0/FCLK_RESET0_N(rst) and /resetn_inverter_0/resetn_i(undef)
## connect_bd_net [get_bd_pins $reset_inv/reset_o] [get_bd_pins $rst/ext_reset_in]
## connect_bd_net [get_bd_pins $c0/dout] [get_bd_pins $rst/aux_reset_in] [get_bd_pins $rst/mb_debug_sys_rst]
## connect_bd_net [get_bd_pins $c1/dout] [get_bd_pins $rst/dcm_locked]
## connect_bd_net [get_bd_pins $c0/dout] [get_bd_pins $gpio_diag/gpio_io_i]
WARNING: [BD 41-1306] The connection to interface pin /axi_gpio_diag/gpio_io_i is being overridden by the user. This pin will not be connected as a part of interface connection GPIO
## set interconnect_resetn [get_bd_pins $rst/interconnect_aresetn]
## foreach pin [list \
##     $gp/ARESETN $gp/S00_ARESETN $gp/M00_ARESETN $gp/M01_ARESETN \
##     $hp/ARESETN $hp/S00_ARESETN $hp/M00_ARESETN] {
##     connect_bd_net $interconnect_resetn [get_bd_pins $pin]
## }
## set peripheral_resetn [get_bd_pins $rst/peripheral_aresetn]
## connect_bd_net $peripheral_resetn [get_bd_pins $dma/axi_resetn] [get_bd_pins $pipeline/resetn]
## connect_bd_net $fclk [get_bd_pins $gpio_diag/s_axi_aclk]
## connect_bd_net $interconnect_resetn [get_bd_pins $gpio_diag/s_axi_aresetn]
## connect_bd_net $fclk [get_bd_pins $runtime_probe/fclk0]
WARNING: [BD 41-1731] Type mismatch between connected pins: /processing_system7_0/FCLK_CLK0(clk) and /pl_runtime_probe_0/fclk0(undef)
## connect_bd_net [get_bd_pins $ps/FCLK_RESET0_N] [get_bd_pins $runtime_probe/fclk_reset0_n]
WARNING: [BD 41-1731] Type mismatch between connected pins: /processing_system7_0/FCLK_RESET0_N(rst) and /pl_runtime_probe_0/fclk_reset0_n(undef)
## connect_bd_net $interconnect_resetn [get_bd_pins $runtime_probe/interconnect_aresetn]
## connect_bd_net $peripheral_resetn [get_bd_pins $runtime_probe/peripheral_aresetn]
## set runtime_led_port [create_bd_port -dir O -from 3 -to 0 dbg_led_n]
## connect_bd_net [get_bd_pins $runtime_probe/dbg_led_n] $runtime_led_port
## assign_bd_address -offset 0x40400000 -range 64K \
##     -target_address_space [get_bd_addr_spaces $ps/Data] \
##     [get_bd_addr_segs $dma/S_AXI_LITE/Reg]
Slave segment </axi_dma_0/S_AXI_LITE/Reg> is being mapped into address space </processing_system7_0/Data> at <0x4040_0000 [ 64K ]>
## assign_bd_address -offset 0x41200000 -range 4K \
##     -target_address_space [get_bd_addr_spaces $ps/Data] \
##     [get_bd_addr_segs $gpio_diag/S_AXI/Reg]
Slave segment </axi_gpio_diag/S_AXI/Reg> is being mapped into address space </processing_system7_0/Data> at <0x4120_0000 [ 4K ]>
## assign_bd_address -target_address_space [get_bd_addr_spaces $dma/Data_S2MM] \
##     [get_bd_addr_segs $ps/S_AXI_HP0/HP0_DDR_LOWOCM]
Slave segment </processing_system7_0/S_AXI_HP0/HP0_DDR_LOWOCM> is being mapped into address space </axi_dma_0/Data_S2MM> at <0x0000_0000 [ 1G ]>
## validate_bd_design
WARNING: [BD 41-927] Following properties on pin /mic_dma_pipeline_0/clk have been updated from connected ip. They may not be synchronized with cell properties. You can set property on pin directly to confirm the value and resolve the warning.
	CLK_DOMAIN=mic_dma_system_processing_system7_0_0_FCLK_CLK0 
## foreach {prop expected} {
##     CONFIG.PCW_USE_M_AXI_GP0 1
##     CONFIG.PCW_USE_S_AXI_HP0 1
##     CONFIG.PCW_EN_DDR 1
##     CONFIG.PCW_FPGA0_PERIPHERAL_FREQMHZ 50.0
## } {
##     set actual [get_property $prop $ps]
##     if {![string equal $actual $expected] && ![string equal $actual "${expected}000000"]} {
##         error "PS7 assertion failed: $prop expected=$expected actual=$actual"
##     }
## }
## foreach {prop expected} {
##     CONFIG.c_include_sg 0
##     CONFIG.c_include_mm2s 0
##     CONFIG.c_include_s2mm 1
##     CONFIG.c_s_axis_s2mm_tdata_width 32
##     CONFIG.c_sg_length_width 23
##     CONFIG.c_include_s2mm_dre 0
## } {
##     set actual [get_property $prop $dma]
##     if {![string equal $actual $expected]} {
##         error "DMA assertion failed: $prop expected=$expected actual=$actual"
##     }
## }
## set dma_map [get_bd_addr_segs -of_objects [get_bd_addr_spaces $ps/Data] -filter {NAME =~ *axi_dma_0*}]
## if {[llength $dma_map] != 1} { error "DMA address segment count expected 1: $dma_map" }
## set dma_offset [get_property OFFSET $dma_map]
## set dma_range [get_property RANGE $dma_map]
## if {$dma_offset ne "0x40400000" || ($dma_range ne "64K" && $dma_range ne "65536" && $dma_range ne "0x00010000")} {
##     error "DMA address assertion failed: offset=$dma_offset range=$dma_range"
## }
## proc assert_one_net {pin label} {
##     set nets [get_bd_nets -of_objects [get_bd_pins $pin]]
##     if {[llength $nets] != 1} { error "$label clock/reset net count expected 1: $nets" }
## }
## foreach {pin label} [list \
##     $ps/FCLK_CLK0 PS_FCLK0 \
##     $ps/M_AXI_GP0_ACLK PS_GP0_ACLK \
##     $ps/S_AXI_HP0_ACLK PS_HP0_ACLK \
##     $dma/s_axi_lite_aclk DMA_AXIL_CLK \
##     $dma/m_axi_s2mm_aclk DMA_S2MM_CLK \
##     $rst/interconnect_aresetn RESET_INTERCONNECT \
##     $rst/peripheral_aresetn RESET_PERIPHERAL \
##     $dma/axi_resetn DMA_RESET \
##     $pipeline/resetn PIPELINE_RESET] { assert_one_net $pin $label }
## set runtime_led_ports [get_bd_ports -quiet dbg_led_n]
## if {[llength $runtime_led_ports] != 1} { error "runtime probe LED port count expected 1: $runtime_led_ports" }
## if {[get_property LEFT $runtime_led_ports] != 3 || [get_property RIGHT $runtime_led_ports] != 0} {
##     error "runtime probe LED port width expected [3:0]: [get_property LEFT $runtime_led_ports]:[get_property RIGHT $runtime_led_ports]"
## }
## foreach {pin label} [list \
##     $runtime_probe/fclk0 RUNTIME_PROBE_FCLK0 \
##     $runtime_probe/fclk_reset0_n RUNTIME_PROBE_FCLK_RESET0_N \
##     $runtime_probe/interconnect_aresetn RUNTIME_PROBE_INTERCONNECT_RESET \
##     $runtime_probe/peripheral_aresetn RUNTIME_PROBE_PERIPHERAL_RESET] { assert_one_net $pin $label }
## foreach {pin label} [list \
##     $ps/M_AXI_GP0 GP0_INTERFACE \
##     $gp/M00_AXI GP0_TO_DMA \
##     $pipeline/M_AXIS PIPELINE_TO_DMA \
##     $dma/M_AXI_S2MM DMA_TO_HP0 \
##     $hp/M00_AXI HP0_TO_PS] {
##     set nets [get_bd_intf_nets -of_objects [get_bd_intf_pins $pin]]
##     if {[llength $nets] != 1} { error "$label interface net count expected 1: $nets" }
## }
## puts "MIC_M2_CLOCK_RESET_ASSERT_PASS"
MIC_M2_CLOCK_RESET_ASSERT_PASS
## puts "MIC_M2_DMA_CONFIG_ASSERT_PASS"
MIC_M2_DMA_CONFIG_ASSERT_PASS
## puts "MIC_M2_ADDRESS_ASSERT_PASS DMA=$dma_offset RANGE=$dma_range"
MIC_M2_ADDRESS_ASSERT_PASS DMA=0x40400000 RANGE=0x00010000
## save_bd_design
Wrote  : <D:\microphone\vivado\build\mic_dma_runtime_probe_20260903\mic_dma.srcs\sources_1\bd\mic_dma_system\mic_dma_system.bd> 
# puts "MIC_DMA_BD_VALIDATION_PASS"
MIC_DMA_BD_VALIDATION_PASS
# generate_target all [get_files [file join $build_dir mic_dma.srcs sources_1 bd mic_dma_system mic_dma_system.bd]]
INFO: [BD 41-1662] The design 'mic_dma_system.bd' is already validated. Therefore parameter propagation will not be re-run.
VHDL Output written to : D:/microphone/vivado/build/mic_dma_runtime_probe_20260903/mic_dma.srcs/sources_1/bd/mic_dma_system/synth/mic_dma_system.v
VHDL Output written to : D:/microphone/vivado/build/mic_dma_runtime_probe_20260903/mic_dma.srcs/sources_1/bd/mic_dma_system/sim/mic_dma_system.v
VHDL Output written to : D:/microphone/vivado/build/mic_dma_runtime_probe_20260903/mic_dma.srcs/sources_1/bd/mic_dma_system/hdl/mic_dma_system_wrapper.v
INFO: [BD 41-1029] Generation completed for the IP Integrator block processing_system7_0 .
INFO: [BD 41-1029] Generation completed for the IP Integrator block proc_sys_reset_0 .
INFO: [BD 41-1029] Generation completed for the IP Integrator block resetn_inverter_0 .
INFO: [BD 41-1029] Generation completed for the IP Integrator block gp0_control_interconnect/xbar .
WARNING: [IP_Flow 19-4994] Overwriting existing constraint file 'd:/microphone/vivado/build/mic_dma_runtime_probe_20260903/mic_dma.srcs/sources_1/bd/mic_dma_system/ip/mic_dma_system_auto_pc_0/mic_dma_system_auto_pc_0_ooc.xdc'
INFO: [BD 41-1029] Generation completed for the IP Integrator block gp0_control_interconnect/s00_couplers/auto_pc .
WARNING: [IP_Flow 19-4994] Overwriting existing constraint file 'd:/microphone/vivado/build/mic_dma_runtime_probe_20260903/mic_dma.srcs/sources_1/bd/mic_dma_system/ip/mic_dma_system_auto_pc_1/mic_dma_system_auto_pc_1_ooc.xdc'
INFO: [BD 41-1029] Generation completed for the IP Integrator block hp0_memory_interconnect/s00_couplers/auto_pc .
WARNING: [IP_Flow 19-4994] Overwriting existing constraint file 'd:/microphone/vivado/build/mic_dma_runtime_probe_20260903/mic_dma.srcs/sources_1/bd/mic_dma_system/ip/mic_dma_system_auto_us_0/mic_dma_system_auto_us_0_ooc.xdc'
INFO: [BD 41-1029] Generation completed for the IP Integrator block hp0_memory_interconnect/s00_couplers/auto_us .
INFO: [BD 41-1029] Generation completed for the IP Integrator block axi_dma_0 .
INFO: [BD 41-1029] Generation completed for the IP Integrator block mic_dma_pipeline_0 .
WARNING: [IP_Flow 19-4994] Overwriting existing constraint file 'd:/microphone/vivado/build/mic_dma_runtime_probe_20260903/mic_dma.srcs/sources_1/bd/mic_dma_system/ip/mic_dma_system_ila_0_0/mic_dma_system_ila_0_0_ooc.xdc'
INFO: [BD 41-1029] Generation completed for the IP Integrator block ila_0 .
INFO: [BD 41-1029] Generation completed for the IP Integrator block irq_concat .
INFO: [BD 41-1029] Generation completed for the IP Integrator block const_zero .
INFO: [BD 41-1029] Generation completed for the IP Integrator block const_one .
INFO: [BD 41-1029] Generation completed for the IP Integrator block axi_gpio_diag .
INFO: [BD 41-1029] Generation completed for the IP Integrator block pl_runtime_probe_0 .
Exporting to file D:/microphone/vivado/build/mic_dma_runtime_probe_20260903/mic_dma.srcs/sources_1/bd/mic_dma_system/hw_handoff/mic_dma_system.hwh
Generated Block Design Tcl file D:/microphone/vivado/build/mic_dma_runtime_probe_20260903/mic_dma.srcs/sources_1/bd/mic_dma_system/hw_handoff/mic_dma_system_bd.tcl
Generated Hardware Definition File D:/microphone/vivado/build/mic_dma_runtime_probe_20260903/mic_dma.srcs/sources_1/bd/mic_dma_system/synth/mic_dma_system.hwdef
generate_target: Time (s): cpu = 00:00:09 ; elapsed = 00:00:11 . Memory (MB): peak = 789.184 ; gain = 186.633
# make_wrapper -files [get_files [file join $build_dir mic_dma.srcs sources_1 bd mic_dma_system mic_dma_system.bd]] -top
# add_files -norecurse [file join $build_dir mic_dma.srcs sources_1 bd mic_dma_system hdl mic_dma_system_wrapper.v]
# set_property top mic_dma_system_wrapper [get_filesets sources_1]
# update_compile_order -fileset sources_1
# launch_runs synth_1 -jobs 2
[Thu Sep  3 13:59:08 2026] Launched mic_dma_system_xbar_0_synth_1, mic_dma_system_auto_pc_0_synth_1, mic_dma_system_processing_system7_0_0_synth_1, mic_dma_system_proc_sys_reset_0_0_synth_1, mic_dma_system_resetn_inverter_0_0_synth_1, mic_dma_system_auto_pc_1_synth_1, mic_dma_system_auto_us_0_synth_1, mic_dma_system_ila_0_0_synth_1, mic_dma_system_axi_dma_0_0_synth_1, mic_dma_system_mic_dma_pipeline_0_0_synth_1, mic_dma_system_axi_gpio_diag_0_synth_1, mic_dma_system_pl_runtime_probe_0_0_synth_1...
Run output will be captured here:
mic_dma_system_xbar_0_synth_1: D:/microphone/vivado/build/mic_dma_runtime_probe_20260903/mic_dma.runs/mic_dma_system_xbar_0_synth_1/runme.log
mic_dma_system_auto_pc_0_synth_1: D:/microphone/vivado/build/mic_dma_runtime_probe_20260903/mic_dma.runs/mic_dma_system_auto_pc_0_synth_1/runme.log
mic_dma_system_processing_system7_0_0_synth_1: D:/microphone/vivado/build/mic_dma_runtime_probe_20260903/mic_dma.runs/mic_dma_system_processing_system7_0_0_synth_1/runme.log
mic_dma_system_proc_sys_reset_0_0_synth_1: D:/microphone/vivado/build/mic_dma_runtime_probe_20260903/mic_dma.runs/mic_dma_system_proc_sys_reset_0_0_synth_1/runme.log
mic_dma_system_resetn_inverter_0_0_synth_1: D:/microphone/vivado/build/mic_dma_runtime_probe_20260903/mic_dma.runs/mic_dma_system_resetn_inverter_0_0_synth_1/runme.log
mic_dma_system_auto_pc_1_synth_1: D:/microphone/vivado/build/mic_dma_runtime_probe_20260903/mic_dma.runs/mic_dma_system_auto_pc_1_synth_1/runme.log
mic_dma_system_auto_us_0_synth_1: D:/microphone/vivado/build/mic_dma_runtime_probe_20260903/mic_dma.runs/mic_dma_system_auto_us_0_synth_1/runme.log
mic_dma_system_ila_0_0_synth_1: D:/microphone/vivado/build/mic_dma_runtime_probe_20260903/mic_dma.runs/mic_dma_system_ila_0_0_synth_1/runme.log
mic_dma_system_axi_dma_0_0_synth_1: D:/microphone/vivado/build/mic_dma_runtime_probe_20260903/mic_dma.runs/mic_dma_system_axi_dma_0_0_synth_1/runme.log
mic_dma_system_mic_dma_pipeline_0_0_synth_1: D:/microphone/vivado/build/mic_dma_runtime_probe_20260903/mic_dma.runs/mic_dma_system_mic_dma_pipeline_0_0_synth_1/runme.log
mic_dma_system_axi_gpio_diag_0_synth_1: D:/microphone/vivado/build/mic_dma_runtime_probe_20260903/mic_dma.runs/mic_dma_system_axi_gpio_diag_0_synth_1/runme.log
mic_dma_system_pl_runtime_probe_0_0_synth_1: D:/microphone/vivado/build/mic_dma_runtime_probe_20260903/mic_dma.runs/mic_dma_system_pl_runtime_probe_0_0_synth_1/runme.log
[Thu Sep  3 13:59:08 2026] Launched synth_1...
Run output will be captured here: D:/microphone/vivado/build/mic_dma_runtime_probe_20260903/mic_dma.runs/synth_1/runme.log
launch_runs: Time (s): cpu = 00:00:01 ; elapsed = 00:00:07 . Memory (MB): peak = 802.961 ; gain = 13.777
# wait_on_run synth_1
[Thu Sep  3 13:59:08 2026] Waiting for synth_1 to finish...

*** Running vivado
    with args -log mic_dma_system_wrapper.vds -m64 -product Vivado -mode batch -messageDb vivado.pb -notrace -source mic_dma_system_wrapper.tcl


****** Vivado v2019.1 (64-bit)
  **** SW Build 2552052 on Fri May 24 14:49:42 MDT 2019
  **** IP Build 2548770 on Fri May 24 18:01:18 MDT 2019
    ** Copyright 1986-2019 Xilinx, Inc. All Rights Reserved.

source mic_dma_system_wrapper.tcl -notrace
INFO: [IP_Flow 19-234] Refreshing IP repositories
INFO: [IP_Flow 19-1704] No user IP repositories specified
INFO: [IP_Flow 19-2313] Loaded Vivado IP repository 'E:/vivado/Vivado/2019.1/data/ip'.
add_files: Time (s): cpu = 00:00:02 ; elapsed = 00:00:05 . Memory (MB): peak = 416.082 ; gain = 61.445
Command: synth_design -top mic_dma_system_wrapper -part xc7z020clg400-2
Starting synth_design
Attempting to get a license for feature 'Synthesis' and/or device 'xc7z020'
INFO: [Common 17-349] Got license for feature 'Synthesis' and/or device 'xc7z020'
INFO: [Device 21-403] Loading part xc7z020clg400-2
INFO: Launching helper process for spawning children vivado processes
INFO: Helper process launched with PID 41948 
---------------------------------------------------------------------------------
Starting RTL Elaboration : Time (s): cpu = 00:00:01 ; elapsed = 00:00:02 . Memory (MB): peak = 869.516 ; gain = 177.848
---------------------------------------------------------------------------------
INFO: [Synth 8-6157] synthesizing module 'mic_dma_system_wrapper' [D:/microphone/vivado/build/mic_dma_runtime_probe_20260903/mic_dma.srcs/sources_1/bd/mic_dma_system/hdl/mic_dma_system_wrapper.v:12]
INFO: [Synth 8-6157] synthesizing module 'mic_dma_system' [D:/microphone/vivado/build/mic_dma_runtime_probe_20260903/mic_dma.srcs/sources_1/bd/mic_dma_system/synth/mic_dma_system.v:270]
INFO: [Synth 8-6157] synthesizing module 'mic_dma_system_axi_dma_0_0' [D:/microphone/vivado/build/mic_dma_runtime_probe_20260903/mic_dma.runs/synth_1/.Xil/Vivado-33296-thinkpad/realtime/mic_dma_system_axi_dma_0_0_stub.v:6]
INFO: [Synth 8-6155] done synthesizing module 'mic_dma_system_axi_dma_0_0' (1#1) [D:/microphone/vivado/build/mic_dma_runtime_probe_20260903/mic_dma.runs/synth_1/.Xil/Vivado-33296-thinkpad/realtime/mic_dma_system_axi_dma_0_0_stub.v:6]
WARNING: [Synth 8-7023] instance 'axi_dma_0' of module 'mic_dma_system_axi_dma_0_0' has 43 connections declared, but only 41 given [D:/microphone/vivado/build/mic_dma_runtime_probe_20260903/mic_dma.srcs/sources_1/bd/mic_dma_system/synth/mic_dma_system.v:484]
INFO: [Synth 8-6157] synthesizing module 'mic_dma_system_axi_gpio_diag_0' [D:/microphone/vivado/build/mic_dma_runtime_probe_20260903/mic_dma.runs/synth_1/.Xil/Vivado-33296-thinkpad/realtime/mic_dma_system_axi_gpio_diag_0_stub.v:6]
INFO: [Synth 8-6155] done synthesizing module 'mic_dma_system_axi_gpio_diag_0' (2#1) [D:/microphone/vivado/build/mic_dma_runtime_probe_20260903/mic_dma.runs/synth_1/.Xil/Vivado-33296-thinkpad/realtime/mic_dma_system_axi_gpio_diag_0_stub.v:6]
INFO: [Synth 8-6157] synthesizing module 'mic_dma_system_const_one_0' [d:/microphone/vivado/build/mic_dma_runtime_probe_20260903/mic_dma.srcs/sources_1/bd/mic_dma_system/ip/mic_dma_system_const_one_0/synth/mic_dma_system_const_one_0.v:57]
INFO: [Synth 8-6157] synthesizing module 'xlconstant_v1_1_6_xlconstant' [d:/microphone/vivado/build/mic_dma_runtime_probe_20260903/mic_dma.srcs/sources_1/bd/mic_dma_system/ipshared/66e7/hdl/xlconstant_v1_1_vl_rfs.v:23]
	Parameter CONST_VAL bound to: 1 - type: integer 
	Parameter CONST_WIDTH bound to: 1 - type: integer 
INFO: [Synth 8-6155] done synthesizing module 'xlconstant_v1_1_6_xlconstant' (3#1) [d:/microphone/vivado/build/mic_dma_runtime_probe_20260903/mic_dma.srcs/sources_1/bd/mic_dma_system/ipshared/66e7/hdl/xlconstant_v1_1_vl_rfs.v:23]
INFO: [Synth 8-6155] done synthesizing module 'mic_dma_system_const_one_0' (4#1) [d:/microphone/vivado/build/mic_dma_runtime_probe_20260903/mic_dma.srcs/sources_1/bd/mic_dma_system/ip/mic_dma_system_const_one_0/synth/mic_dma_system_const_one_0.v:57]
INFO: [Synth 8-6157] synthesizing module 'mic_dma_system_const_zero_0' [d:/microphone/vivado/build/mic_dma_runtime_probe_20260903/mic_dma.srcs/sources_1/bd/mic_dma_system/ip/mic_dma_system_const_zero_0/synth/mic_dma_system_const_zero_0.v:57]
INFO: [Synth 8-6157] synthesizing module 'xlconstant_v1_1_6_xlconstant__parameterized0' [d:/microphone/vivado/build/mic_dma_runtime_probe_20260903/mic_dma.srcs/sources_1/bd/mic_dma_system/ipshared/66e7/hdl/xlconstant_v1_1_vl_rfs.v:23]
	Parameter CONST_VAL bound to: 0 - type: integer 
	Parameter CONST_WIDTH bound to: 1 - type: integer 
INFO: [Synth 8-6155] done synthesizing module 'xlconstant_v1_1_6_xlconstant__parameterized0' (4#1) [d:/microphone/vivado/build/mic_dma_runtime_probe_20260903/mic_dma.srcs/sources_1/bd/mic_dma_system/ipshared/66e7/hdl/xlconstant_v1_1_vl_rfs.v:23]
INFO: [Synth 8-6155] done synthesizing module 'mic_dma_system_const_zero_0' (5#1) [d:/microphone/vivado/build/mic_dma_runtime_probe_20260903/mic_dma.srcs/sources_1/bd/mic_dma_system/ip/mic_dma_system_const_zero_0/synth/mic_dma_system_const_zero_0.v:57]
INFO: [Synth 8-6157] synthesizing module 'mic_dma_system_gp0_control_interconnect_0' [D:/microphone/vivado/build/mic_dma_runtime_probe_20260903/mic_dma.srcs/sources_1/bd/mic_dma_system/synth/mic_dma_system.v:854]
INFO: [Synth 8-6157] synthesizing module 'm00_couplers_imp_1MZFXPL' [D:/microphone/vivado/build/mic_dma_runtime_probe_20260903/mic_dma.srcs/sources_1/bd/mic_dma_system/synth/mic_dma_system.v:12]
INFO: [Synth 8-6155] done synthesizing module 'm00_couplers_imp_1MZFXPL' (6#1) [D:/microphone/vivado/build/mic_dma_runtime_probe_20260903/mic_dma.srcs/sources_1/bd/mic_dma_system/synth/mic_dma_system.v:12]
INFO: [Synth 8-6157] synthesizing module 'm01_couplers_imp_NRXYZ2' [D:/microphone/vivado/build/mic_dma_runtime_probe_20260903/mic_dma.srcs/sources_1/bd/mic_dma_system/synth/mic_dma_system.v:137]
INFO: [Synth 8-6155] done synthesizing module 'm01_couplers_imp_NRXYZ2' (7#1) [D:/microphone/vivado/build/mic_dma_runtime_probe_20260903/mic_dma.srcs/sources_1/bd/mic_dma_system/synth/mic_dma_system.v:137]
INFO: [Synth 8-6157] synthesizing module 's00_couplers_imp_5LNIU4' [D:/microphone/vivado/build/mic_dma_runtime_probe_20260903/mic_dma.srcs/sources_1/bd/mic_dma_system/synth/mic_dma_system.v:1593]
INFO: [Synth 8-6157] synthesizing module 'mic_dma_system_auto_pc_0' [D:/microphone/vivado/build/mic_dma_runtime_probe_20260903/mic_dma.runs/synth_1/.Xil/Vivado-33296-thinkpad/realtime/mic_dma_system_auto_pc_0_stub.v:6]
INFO: [Synth 8-6155] done synthesizing module 'mic_dma_system_auto_pc_0' (8#1) [D:/microphone/vivado/build/mic_dma_runtime_probe_20260903/mic_dma.runs/synth_1/.Xil/Vivado-33296-thinkpad/realtime/mic_dma_system_auto_pc_0_stub.v:6]
INFO: [Synth 8-6155] done synthesizing module 's00_couplers_imp_5LNIU4' (9#1) [D:/microphone/vivado/build/mic_dma_runtime_probe_20260903/mic_dma.srcs/sources_1/bd/mic_dma_system/synth/mic_dma_system.v:1593]
INFO: [Synth 8-6157] synthesizing module 'mic_dma_system_xbar_0' [D:/microphone/vivado/build/mic_dma_runtime_probe_20260903/mic_dma.runs/synth_1/.Xil/Vivado-33296-thinkpad/realtime/mic_dma_system_xbar_0_stub.v:6]
INFO: [Synth 8-6155] done synthesizing module 'mic_dma_system_xbar_0' (10#1) [D:/microphone/vivado/build/mic_dma_runtime_probe_20260903/mic_dma.runs/synth_1/.Xil/Vivado-33296-thinkpad/realtime/mic_dma_system_xbar_0_stub.v:6]
WARNING: [Synth 8-7023] instance 'xbar' of module 'mic_dma_system_xbar_0' has 40 connections declared, but only 38 given [D:/microphone/vivado/build/mic_dma_runtime_probe_20260903/mic_dma.srcs/sources_1/bd/mic_dma_system/synth/mic_dma_system.v:1352]
INFO: [Synth 8-6155] done synthesizing module 'mic_dma_system_gp0_control_interconnect_0' (11#1) [D:/microphone/vivado/build/mic_dma_runtime_probe_20260903/mic_dma.srcs/sources_1/bd/mic_dma_system/synth/mic_dma_system.v:854]
INFO: [Synth 8-6157] synthesizing module 'mic_dma_system_hp0_memory_interconnect_0' [D:/microphone/vivado/build/mic_dma_runtime_probe_20260903/mic_dma.srcs/sources_1/bd/mic_dma_system/synth/mic_dma_system.v:1393]
INFO: [Synth 8-6157] synthesizing module 's00_couplers_imp_7BOREL' [D:/microphone/vivado/build/mic_dma_runtime_probe_20260903/mic_dma.srcs/sources_1/bd/mic_dma_system/synth/mic_dma_system.v:1898]
INFO: [Synth 8-6157] synthesizing module 'mic_dma_system_auto_pc_1' [D:/microphone/vivado/build/mic_dma_runtime_probe_20260903/mic_dma.runs/synth_1/.Xil/Vivado-33296-thinkpad/realtime/mic_dma_system_auto_pc_1_stub.v:6]
INFO: [Synth 8-6155] done synthesizing module 'mic_dma_system_auto_pc_1' (12#1) [D:/microphone/vivado/build/mic_dma_runtime_probe_20260903/mic_dma.runs/synth_1/.Xil/Vivado-33296-thinkpad/realtime/mic_dma_system_auto_pc_1_stub.v:6]
INFO: [Synth 8-6157] synthesizing module 'mic_dma_system_auto_us_0' [D:/microphone/vivado/build/mic_dma_runtime_probe_20260903/mic_dma.runs/synth_1/.Xil/Vivado-33296-thinkpad/realtime/mic_dma_system_auto_us_0_stub.v:6]
INFO: [Synth 8-6155] done synthesizing module 'mic_dma_system_auto_us_0' (13#1) [D:/microphone/vivado/build/mic_dma_runtime_probe_20260903/mic_dma.runs/synth_1/.Xil/Vivado-33296-thinkpad/realtime/mic_dma_system_auto_us_0_stub.v:6]
INFO: [Synth 8-6155] done synthesizing module 's00_couplers_imp_7BOREL' (14#1) [D:/microphone/vivado/build/mic_dma_runtime_probe_20260903/mic_dma.srcs/sources_1/bd/mic_dma_system/synth/mic_dma_system.v:1898]
INFO: [Synth 8-6155] done synthesizing module 'mic_dma_system_hp0_memory_interconnect_0' (15#1) [D:/microphone/vivado/build/mic_dma_runtime_probe_20260903/mic_dma.srcs/sources_1/bd/mic_dma_system/synth/mic_dma_system.v:1393]
WARNING: [Synth 8-4446] all outputs are unconnected for this instance and logic may be removed [D:/microphone/vivado/build/mic_dma_runtime_probe_20260903/mic_dma.srcs/sources_1/bd/mic_dma_system/synth/mic_dma_system.v:672]
INFO: [Synth 8-6157] synthesizing module 'mic_dma_system_ila_0_0' [D:/microphone/vivado/build/mic_dma_runtime_probe_20260903/mic_dma.runs/synth_1/.Xil/Vivado-33296-thinkpad/realtime/mic_dma_system_ila_0_0_stub.v:6]
INFO: [Synth 8-6155] done synthesizing module 'mic_dma_system_ila_0_0' (16#1) [D:/microphone/vivado/build/mic_dma_runtime_probe_20260903/mic_dma.runs/synth_1/.Xil/Vivado-33296-thinkpad/realtime/mic_dma_system_ila_0_0_stub.v:6]
INFO: [Synth 8-6157] synthesizing module 'mic_dma_system_irq_concat_0' [d:/microphone/vivado/build/mic_dma_runtime_probe_20260903/mic_dma.srcs/sources_1/bd/mic_dma_system/ip/mic_dma_system_irq_concat_0/synth/mic_dma_system_irq_concat_0.v:58]
INFO: [Synth 8-6157] synthesizing module 'xlconcat_v2_1_3_xlconcat' [d:/microphone/vivado/build/mic_dma_runtime_probe_20260903/mic_dma.srcs/sources_1/bd/mic_dma_system/ipshared/442e/hdl/xlconcat_v2_1_vl_rfs.v:14]
	Parameter IN0_WIDTH bound to: 1 - type: integer 
	Parameter IN1_WIDTH bound to: 1 - type: integer 
	Parameter IN2_WIDTH bound to: 1 - type: integer 
	Parameter IN3_WIDTH bound to: 1 - type: integer 
	Parameter IN4_WIDTH bound to: 1 - type: integer 
	Parameter IN5_WIDTH bound to: 1 - type: integer 
	Parameter IN6_WIDTH bound to: 1 - type: integer 
	Parameter IN7_WIDTH bound to: 1 - type: integer 
	Parameter IN8_WIDTH bound to: 1 - type: integer 
	Parameter IN9_WIDTH bound to: 1 - type: integer 
	Parameter IN10_WIDTH bound to: 1 - type: integer 
	Parameter IN11_WIDTH bound to: 1 - type: integer 
	Parameter IN12_WIDTH bound to: 1 - type: integer 
	Parameter IN13_WIDTH bound to: 1 - type: integer 
	Parameter IN14_WIDTH bound to: 1 - type: integer 
	Parameter IN15_WIDTH bound to: 1 - type: integer 
	Parameter IN16_WIDTH bound to: 1 - type: integer 
	Parameter IN17_WIDTH bound to: 1 - type: integer 
	Parameter IN18_WIDTH bound to: 1 - type: integer 
	Parameter IN19_WIDTH bound to: 1 - type: integer 
	Parameter IN20_WIDTH bound to: 1 - type: integer 
	Parameter IN21_WIDTH bound to: 1 - type: integer 
	Parameter IN22_WIDTH bound to: 1 - type: integer 
	Parameter IN23_WIDTH bound to: 1 - type: integer 
	Parameter IN24_WIDTH bound to: 1 - type: integer 
	Parameter IN25_WIDTH bound to: 1 - type: integer 
	Parameter IN26_WIDTH bound to: 1 - type: integer 
	Parameter IN27_WIDTH bound to: 1 - type: integer 
	Parameter IN28_WIDTH bound to: 1 - type: integer 
	Parameter IN29_WIDTH bound to: 1 - type: integer 
	Parameter IN30_WIDTH bound to: 1 - type: integer 
	Parameter IN31_WIDTH bound to: 1 - type: integer 
	Parameter dout_width bound to: 1 - type: integer 
	Parameter NUM_PORTS bound to: 1 - type: integer 
INFO: [Synth 8-6155] done synthesizing module 'xlconcat_v2_1_3_xlconcat' (17#1) [d:/microphone/vivado/build/mic_dma_runtime_probe_20260903/mic_dma.srcs/sources_1/bd/mic_dma_system/ipshared/442e/hdl/xlconcat_v2_1_vl_rfs.v:14]
INFO: [Synth 8-6155] done synthesizing module 'mic_dma_system_irq_concat_0' (18#1) [d:/microphone/vivado/build/mic_dma_runtime_probe_20260903/mic_dma.srcs/sources_1/bd/mic_dma_system/ip/mic_dma_system_irq_concat_0/synth/mic_dma_system_irq_concat_0.v:58]
INFO: [Synth 8-6157] synthesizing module 'mic_dma_system_mic_dma_pipeline_0_0' [D:/microphone/vivado/build/mic_dma_runtime_probe_20260903/mic_dma.runs/synth_1/.Xil/Vivado-33296-thinkpad/realtime/mic_dma_system_mic_dma_pipeline_0_0_stub.v:6]
INFO: [Synth 8-6155] done synthesizing module 'mic_dma_system_mic_dma_pipeline_0_0' (19#1) [D:/microphone/vivado/build/mic_dma_runtime_probe_20260903/mic_dma.runs/synth_1/.Xil/Vivado-33296-thinkpad/realtime/mic_dma_system_mic_dma_pipeline_0_0_stub.v:6]
INFO: [Synth 8-6157] synthesizing module 'mic_dma_system_pl_runtime_probe_0_0' [D:/microphone/vivado/build/mic_dma_runtime_probe_20260903/mic_dma.runs/synth_1/.Xil/Vivado-33296-thinkpad/realtime/mic_dma_system_pl_runtime_probe_0_0_stub.v:6]
INFO: [Synth 8-6155] done synthesizing module 'mic_dma_system_pl_runtime_probe_0_0' (20#1) [D:/microphone/vivado/build/mic_dma_runtime_probe_20260903/mic_dma.runs/synth_1/.Xil/Vivado-33296-thinkpad/realtime/mic_dma_system_pl_runtime_probe_0_0_stub.v:6]
INFO: [Synth 8-6157] synthesizing module 'mic_dma_system_proc_sys_reset_0_0' [D:/microphone/vivado/build/mic_dma_runtime_probe_20260903/mic_dma.runs/synth_1/.Xil/Vivado-33296-thinkpad/realtime/mic_dma_system_proc_sys_reset_0_0_stub.v:6]
INFO: [Synth 8-6155] done synthesizing module 'mic_dma_system_proc_sys_reset_0_0' (21#1) [D:/microphone/vivado/build/mic_dma_runtime_probe_20260903/mic_dma.runs/synth_1/.Xil/Vivado-33296-thinkpad/realtime/mic_dma_system_proc_sys_reset_0_0_stub.v:6]
WARNING: [Synth 8-7023] instance 'proc_sys_reset_0' of module 'mic_dma_system_proc_sys_reset_0_0' has 10 connections declared, but only 7 given [D:/microphone/vivado/build/mic_dma_runtime_probe_20260903/mic_dma.srcs/sources_1/bd/mic_dma_system/synth/mic_dma_system.v:742]
INFO: [Synth 8-6157] synthesizing module 'mic_dma_system_processing_system7_0_0' [D:/microphone/vivado/build/mic_dma_runtime_probe_20260903/mic_dma.runs/synth_1/.Xil/Vivado-33296-thinkpad/realtime/mic_dma_system_processing_system7_0_0_stub.v:6]
INFO: [Synth 8-6155] done synthesizing module 'mic_dma_system_processing_system7_0_0' (22#1) [D:/microphone/vivado/build/mic_dma_runtime_probe_20260903/mic_dma.runs/synth_1/.Xil/Vivado-33296-thinkpad/realtime/mic_dma_system_processing_system7_0_0_stub.v:6]
WARNING: [Synth 8-7023] instance 'processing_system7_0' of module 'mic_dma_system_processing_system7_0_0' has 111 connections declared, but only 98 given [D:/microphone/vivado/build/mic_dma_runtime_probe_20260903/mic_dma.srcs/sources_1/bd/mic_dma_system/synth/mic_dma_system.v:750]
INFO: [Synth 8-6157] synthesizing module 'mic_dma_system_resetn_inverter_0_0' [D:/microphone/vivado/build/mic_dma_runtime_probe_20260903/mic_dma.runs/synth_1/.Xil/Vivado-33296-thinkpad/realtime/mic_dma_system_resetn_inverter_0_0_stub.v:6]
INFO: [Synth 8-6155] done synthesizing module 'mic_dma_system_resetn_inverter_0_0' (23#1) [D:/microphone/vivado/build/mic_dma_runtime_probe_20260903/mic_dma.runs/synth_1/.Xil/Vivado-33296-thinkpad/realtime/mic_dma_system_resetn_inverter_0_0_stub.v:6]
INFO: [Synth 8-6071] Mark debug on the nets applies keep_hierarchy on instance 'mic_dma_pipeline_0'. This will prevent further optimization [D:/microphone/vivado/build/mic_dma_runtime_probe_20260903/mic_dma.srcs/sources_1/bd/mic_dma_system/synth/mic_dma_system.v:721]
INFO: [Synth 8-6071] Mark debug on the nets applies keep_hierarchy on instance 'ila_0'. This will prevent further optimization [D:/microphone/vivado/build/mic_dma_runtime_probe_20260903/mic_dma.srcs/sources_1/bd/mic_dma_system/synth/mic_dma_system.v:672]
INFO: [Synth 8-6155] done synthesizing module 'mic_dma_system' (24#1) [D:/microphone/vivado/build/mic_dma_runtime_probe_20260903/mic_dma.srcs/sources_1/bd/mic_dma_system/synth/mic_dma_system.v:270]
INFO: [Synth 8-6155] done synthesizing module 'mic_dma_system_wrapper' (25#1) [D:/microphone/vivado/build/mic_dma_runtime_probe_20260903/mic_dma.srcs/sources_1/bd/mic_dma_system/hdl/mic_dma_system_wrapper.v:12]
WARNING: [Synth 8-3331] design xlconcat_v2_1_3_xlconcat has unconnected port In1[0]
WARNING: [Synth 8-3331] design xlconcat_v2_1_3_xlconcat has unconnected port In2[0]
WARNING: [Synth 8-3331] design xlconcat_v2_1_3_xlconcat has unconnected port In3[0]
WARNING: [Synth 8-3331] design xlconcat_v2_1_3_xlconcat has unconnected port In4[0]
WARNING: [Synth 8-3331] design xlconcat_v2_1_3_xlconcat has unconnected port In5[0]
WARNING: [Synth 8-3331] design xlconcat_v2_1_3_xlconcat has unconnected port In6[0]
WARNING: [Synth 8-3331] design xlconcat_v2_1_3_xlconcat has unconnected port In7[0]
WARNING: [Synth 8-3331] design xlconcat_v2_1_3_xlconcat has unconnected port In8[0]
WARNING: [Synth 8-3331] design xlconcat_v2_1_3_xlconcat has unconnected port In9[0]
WARNING: [Synth 8-3331] design xlconcat_v2_1_3_xlconcat has unconnected port In10[0]
WARNING: [Synth 8-3331] design xlconcat_v2_1_3_xlconcat has unconnected port In11[0]
WARNING: [Synth 8-3331] design xlconcat_v2_1_3_xlconcat has unconnected port In12[0]
WARNING: [Synth 8-3331] design xlconcat_v2_1_3_xlconcat has unconnected port In13[0]
WARNING: [Synth 8-3331] design xlconcat_v2_1_3_xlconcat has unconnected port In14[0]
WARNING: [Synth 8-3331] design xlconcat_v2_1_3_xlconcat has unconnected port In15[0]
WARNING: [Synth 8-3331] design xlconcat_v2_1_3_xlconcat has unconnected port In16[0]
WARNING: [Synth 8-3331] design xlconcat_v2_1_3_xlconcat has unconnected port In17[0]
WARNING: [Synth 8-3331] design xlconcat_v2_1_3_xlconcat has unconnected port In18[0]
WARNING: [Synth 8-3331] design xlconcat_v2_1_3_xlconcat has unconnected port In19[0]
WARNING: [Synth 8-3331] design xlconcat_v2_1_3_xlconcat has unconnected port In20[0]
WARNING: [Synth 8-3331] design xlconcat_v2_1_3_xlconcat has unconnected port In21[0]
WARNING: [Synth 8-3331] design xlconcat_v2_1_3_xlconcat has unconnected port In22[0]
WARNING: [Synth 8-3331] design xlconcat_v2_1_3_xlconcat has unconnected port In23[0]
WARNING: [Synth 8-3331] design xlconcat_v2_1_3_xlconcat has unconnected port In24[0]
WARNING: [Synth 8-3331] design xlconcat_v2_1_3_xlconcat has unconnected port In25[0]
WARNING: [Synth 8-3331] design xlconcat_v2_1_3_xlconcat has unconnected port In26[0]
WARNING: [Synth 8-3331] design xlconcat_v2_1_3_xlconcat has unconnected port In27[0]
WARNING: [Synth 8-3331] design xlconcat_v2_1_3_xlconcat has unconnected port In28[0]
WARNING: [Synth 8-3331] design xlconcat_v2_1_3_xlconcat has unconnected port In29[0]
WARNING: [Synth 8-3331] design xlconcat_v2_1_3_xlconcat has unconnected port In30[0]
WARNING: [Synth 8-3331] design xlconcat_v2_1_3_xlconcat has unconnected port In31[0]
WARNING: [Synth 8-3331] design s00_couplers_imp_7BOREL has unconnected port M_ACLK
WARNING: [Synth 8-3331] design s00_couplers_imp_7BOREL has unconnected port M_ARESETN
WARNING: [Synth 8-3331] design mic_dma_system_hp0_memory_interconnect_0 has unconnected port ACLK
WARNING: [Synth 8-3331] design mic_dma_system_hp0_memory_interconnect_0 has unconnected port ARESETN
WARNING: [Synth 8-3331] design s00_couplers_imp_5LNIU4 has unconnected port M_ACLK
WARNING: [Synth 8-3331] design s00_couplers_imp_5LNIU4 has unconnected port M_ARESETN
WARNING: [Synth 8-3331] design m01_couplers_imp_NRXYZ2 has unconnected port M_ACLK
WARNING: [Synth 8-3331] design m01_couplers_imp_NRXYZ2 has unconnected port M_ARESETN
WARNING: [Synth 8-3331] design m01_couplers_imp_NRXYZ2 has unconnected port S_ACLK
WARNING: [Synth 8-3331] design m01_couplers_imp_NRXYZ2 has unconnected port S_ARESETN
WARNING: [Synth 8-3331] design m00_couplers_imp_1MZFXPL has unconnected port M_ACLK
WARNING: [Synth 8-3331] design m00_couplers_imp_1MZFXPL has unconnected port M_ARESETN
WARNING: [Synth 8-3331] design m00_couplers_imp_1MZFXPL has unconnected port S_ACLK
WARNING: [Synth 8-3331] design m00_couplers_imp_1MZFXPL has unconnected port S_ARESETN
WARNING: [Synth 8-3331] design mic_dma_system_gp0_control_interconnect_0 has unconnected port M00_ACLK
WARNING: [Synth 8-3331] design mic_dma_system_gp0_control_interconnect_0 has unconnected port M00_ARESETN
WARNING: [Synth 8-3331] design mic_dma_system_gp0_control_interconnect_0 has unconnected port M01_ACLK
WARNING: [Synth 8-3331] design mic_dma_system_gp0_control_interconnect_0 has unconnected port M01_ARESETN
WARNING: [Synth 8-3331] design mic_dma_system_gp0_control_interconnect_0 has unconnected port S00_ACLK
WARNING: [Synth 8-3331] design mic_dma_system_gp0_control_interconnect_0 has unconnected port S00_ARESETN
---------------------------------------------------------------------------------
Finished RTL Elaboration : Time (s): cpu = 00:00:02 ; elapsed = 00:00:02 . Memory (MB): peak = 940.418 ; gain = 248.750
---------------------------------------------------------------------------------

Report Check Netlist: 
+------+------------------+-------+---------+-------+------------------+
|      |Item              |Errors |Warnings |Status |Description       |
+------+------------------+-------+---------+-------+------------------+
|1     |multi_driven_nets |      0|        0|Passed |Multi driven nets |
+------+------------------+-------+---------+-------+------------------+
---------------------------------------------------------------------------------
Start Handling Custom Attributes
---------------------------------------------------------------------------------
---------------------------------------------------------------------------------
Finished Handling Custom Attributes : Time (s): cpu = 00:00:02 ; elapsed = 00:00:02 . Memory (MB): peak = 940.418 ; gain = 248.750
---------------------------------------------------------------------------------
---------------------------------------------------------------------------------
Finished RTL Optimization Phase 1 : Time (s): cpu = 00:00:02 ; elapsed = 00:00:02 . Memory (MB): peak = 940.418 ; gain = 248.750
---------------------------------------------------------------------------------
INFO: [Project 1-570] Preparing netlist for logic optimization

Processing XDC Constraints
Initializing timing engine
Parsing XDC File [d:/microphone/vivado/build/mic_dma_runtime_probe_20260903/mic_dma.srcs/sources_1/bd/mic_dma_system/ip/mic_dma_system_processing_system7_0_0/mic_dma_system_processing_system7_0_0/mic_dma_system_processing_system7_0_0_in_context.xdc] for cell 'mic_dma_system_i/processing_system7_0'
Finished Parsing XDC File [d:/microphone/vivado/build/mic_dma_runtime_probe_20260903/mic_dma.srcs/sources_1/bd/mic_dma_system/ip/mic_dma_system_processing_system7_0_0/mic_dma_system_processing_system7_0_0/mic_dma_system_processing_system7_0_0_in_context.xdc] for cell 'mic_dma_system_i/processing_system7_0'
Parsing XDC File [d:/microphone/vivado/build/mic_dma_runtime_probe_20260903/mic_dma.srcs/sources_1/bd/mic_dma_system/ip/mic_dma_system_proc_sys_reset_0_0/mic_dma_system_proc_sys_reset_0_0/mic_dma_system_proc_sys_reset_0_0_in_context.xdc] for cell 'mic_dma_system_i/proc_sys_reset_0'
Finished Parsing XDC File [d:/microphone/vivado/build/mic_dma_runtime_probe_20260903/mic_dma.srcs/sources_1/bd/mic_dma_system/ip/mic_dma_system_proc_sys_reset_0_0/mic_dma_system_proc_sys_reset_0_0/mic_dma_system_proc_sys_reset_0_0_in_context.xdc] for cell 'mic_dma_system_i/proc_sys_reset_0'
Parsing XDC File [d:/microphone/vivado/build/mic_dma_runtime_probe_20260903/mic_dma.srcs/sources_1/bd/mic_dma_system/ip/mic_dma_system_resetn_inverter_0_0/mic_dma_system_resetn_inverter_0_0/mic_dma_system_resetn_inverter_0_0_in_context.xdc] for cell 'mic_dma_system_i/resetn_inverter_0'
Finished Parsing XDC File [d:/microphone/vivado/build/mic_dma_runtime_probe_20260903/mic_dma.srcs/sources_1/bd/mic_dma_system/ip/mic_dma_system_resetn_inverter_0_0/mic_dma_system_resetn_inverter_0_0/mic_dma_system_resetn_inverter_0_0_in_context.xdc] for cell 'mic_dma_system_i/resetn_inverter_0'
Parsing XDC File [d:/microphone/vivado/build/mic_dma_runtime_probe_20260903/mic_dma.srcs/sources_1/bd/mic_dma_system/ip/mic_dma_system_xbar_0/mic_dma_system_xbar_0/mic_dma_system_xbar_0_in_context.xdc] for cell 'mic_dma_system_i/gp0_control_interconnect/xbar'
Finished Parsing XDC File [d:/microphone/vivado/build/mic_dma_runtime_probe_20260903/mic_dma.srcs/sources_1/bd/mic_dma_system/ip/mic_dma_system_xbar_0/mic_dma_system_xbar_0/mic_dma_system_xbar_0_in_context.xdc] for cell 'mic_dma_system_i/gp0_control_interconnect/xbar'
Parsing XDC File [d:/microphone/vivado/build/mic_dma_runtime_probe_20260903/mic_dma.srcs/sources_1/bd/mic_dma_system/ip/mic_dma_system_auto_pc_0/mic_dma_system_auto_pc_0/mic_dma_system_auto_pc_0_in_context.xdc] for cell 'mic_dma_system_i/gp0_control_interconnect/s00_couplers/auto_pc'
Finished Parsing XDC File [d:/microphone/vivado/build/mic_dma_runtime_probe_20260903/mic_dma.srcs/sources_1/bd/mic_dma_system/ip/mic_dma_system_auto_pc_0/mic_dma_system_auto_pc_0/mic_dma_system_auto_pc_0_in_context.xdc] for cell 'mic_dma_system_i/gp0_control_interconnect/s00_couplers/auto_pc'
Parsing XDC File [d:/microphone/vivado/build/mic_dma_runtime_probe_20260903/mic_dma.srcs/sources_1/bd/mic_dma_system/ip/mic_dma_system_auto_pc_1/mic_dma_system_auto_pc_1/mic_dma_system_auto_pc_1_in_context.xdc] for cell 'mic_dma_system_i/hp0_memory_interconnect/s00_couplers/auto_pc'
Finished Parsing XDC File [d:/microphone/vivado/build/mic_dma_runtime_probe_20260903/mic_dma.srcs/sources_1/bd/mic_dma_system/ip/mic_dma_system_auto_pc_1/mic_dma_system_auto_pc_1/mic_dma_system_auto_pc_1_in_context.xdc] for cell 'mic_dma_system_i/hp0_memory_interconnect/s00_couplers/auto_pc'
Parsing XDC File [d:/microphone/vivado/build/mic_dma_runtime_probe_20260903/mic_dma.srcs/sources_1/bd/mic_dma_system/ip/mic_dma_system_auto_us_0/mic_dma_system_auto_us_0/mic_dma_system_auto_us_0_in_context.xdc] for cell 'mic_dma_system_i/hp0_memory_interconnect/s00_couplers/auto_us'
Finished Parsing XDC File [d:/microphone/vivado/build/mic_dma_runtime_probe_20260903/mic_dma.srcs/sources_1/bd/mic_dma_system/ip/mic_dma_system_auto_us_0/mic_dma_system_auto_us_0/mic_dma_system_auto_us_0_in_context.xdc] for cell 'mic_dma_system_i/hp0_memory_interconnect/s00_couplers/auto_us'
Parsing XDC File [d:/microphone/vivado/build/mic_dma_runtime_probe_20260903/mic_dma.srcs/sources_1/bd/mic_dma_system/ip/mic_dma_system_axi_dma_0_0/mic_dma_system_axi_dma_0_0/mic_dma_system_axi_dma_0_0_in_context.xdc] for cell 'mic_dma_system_i/axi_dma_0'
Finished Parsing XDC File [d:/microphone/vivado/build/mic_dma_runtime_probe_20260903/mic_dma.srcs/sources_1/bd/mic_dma_system/ip/mic_dma_system_axi_dma_0_0/mic_dma_system_axi_dma_0_0/mic_dma_system_axi_dma_0_0_in_context.xdc] for cell 'mic_dma_system_i/axi_dma_0'
Parsing XDC File [d:/microphone/vivado/build/mic_dma_runtime_probe_20260903/mic_dma.srcs/sources_1/bd/mic_dma_system/ip/mic_dma_system_mic_dma_pipeline_0_0/mic_dma_system_mic_dma_pipeline_0_0/mic_dma_system_mic_dma_pipeline_0_0_in_context.xdc] for cell 'mic_dma_system_i/mic_dma_pipeline_0'
Finished Parsing XDC File [d:/microphone/vivado/build/mic_dma_runtime_probe_20260903/mic_dma.srcs/sources_1/bd/mic_dma_system/ip/mic_dma_system_mic_dma_pipeline_0_0/mic_dma_system_mic_dma_pipeline_0_0/mic_dma_system_mic_dma_pipeline_0_0_in_context.xdc] for cell 'mic_dma_system_i/mic_dma_pipeline_0'
Parsing XDC File [d:/microphone/vivado/build/mic_dma_runtime_probe_20260903/mic_dma.srcs/sources_1/bd/mic_dma_system/ip/mic_dma_system_ila_0_0/mic_dma_system_ila_0_0/mic_dma_system_ila_0_0_in_context.xdc] for cell 'mic_dma_system_i/ila_0'
Finished Parsing XDC File [d:/microphone/vivado/build/mic_dma_runtime_probe_20260903/mic_dma.srcs/sources_1/bd/mic_dma_system/ip/mic_dma_system_ila_0_0/mic_dma_system_ila_0_0/mic_dma_system_ila_0_0_in_context.xdc] for cell 'mic_dma_system_i/ila_0'
Parsing XDC File [d:/microphone/vivado/build/mic_dma_runtime_probe_20260903/mic_dma.srcs/sources_1/bd/mic_dma_system/ip/mic_dma_system_axi_gpio_diag_0/mic_dma_system_axi_gpio_diag_0/mic_dma_system_axi_gpio_diag_0_in_context.xdc] for cell 'mic_dma_system_i/axi_gpio_diag'
Finished Parsing XDC File [d:/microphone/vivado/build/mic_dma_runtime_probe_20260903/mic_dma.srcs/sources_1/bd/mic_dma_system/ip/mic_dma_system_axi_gpio_diag_0/mic_dma_system_axi_gpio_diag_0/mic_dma_system_axi_gpio_diag_0_in_context.xdc] for cell 'mic_dma_system_i/axi_gpio_diag'
Parsing XDC File [d:/microphone/vivado/build/mic_dma_runtime_probe_20260903/mic_dma.srcs/sources_1/bd/mic_dma_system/ip/mic_dma_system_pl_runtime_probe_0_0/mic_dma_system_pl_runtime_probe_0_0/mic_dma_system_pl_runtime_probe_0_0_in_context.xdc] for cell 'mic_dma_system_i/pl_runtime_probe_0'
Finished Parsing XDC File [d:/microphone/vivado/build/mic_dma_runtime_probe_20260903/mic_dma.srcs/sources_1/bd/mic_dma_system/ip/mic_dma_system_pl_runtime_probe_0_0/mic_dma_system_pl_runtime_probe_0_0/mic_dma_system_pl_runtime_probe_0_0_in_context.xdc] for cell 'mic_dma_system_i/pl_runtime_probe_0'
Parsing XDC File [D:/microphone/vivado/lc_ai_k210_7mic.xdc]
Finished Parsing XDC File [D:/microphone/vivado/lc_ai_k210_7mic.xdc]
WARNING: [Project 1-498] One or more constraints failed evaluation while reading constraint file [D:/microphone/vivado/lc_ai_k210_7mic.xdc] and the design contains unresolved black boxes. These constraints will be read post-synthesis (as long as their source constraint file is marked as used_in_implementation) and should be applied correctly then. You should review the constraints listed in the file [.Xil/mic_dma_system_wrapper_propImpl.xdc] and check the run log file to verify that these constraints were correctly applied.
INFO: [Project 1-236] Implementation specific constraints were found while reading constraint file [D:/microphone/vivado/lc_ai_k210_7mic.xdc]. These constraints will be ignored for synthesis but will be used in implementation. Impacted constraints are listed in the file [.Xil/mic_dma_system_wrapper_propImpl.xdc].
Resolution: To avoid this warning, move constraints listed in [.Xil/mic_dma_system_wrapper_propImpl.xdc] to another XDC file and exclude this new file from synthesis with the used_in_synthesis property (File Properties dialog in GUI) and re-run elaboration/synthesis.
Parsing XDC File [D:/microphone/vivado/pl_runtime_probe.xdc]
Finished Parsing XDC File [D:/microphone/vivado/pl_runtime_probe.xdc]
INFO: [Project 1-236] Implementation specific constraints were found while reading constraint file [D:/microphone/vivado/pl_runtime_probe.xdc]. These constraints will be ignored for synthesis but will be used in implementation. Impacted constraints are listed in the file [.Xil/mic_dma_system_wrapper_propImpl.xdc].
Resolution: To avoid this warning, move constraints listed in [.Xil/mic_dma_system_wrapper_propImpl.xdc] to another XDC file and exclude this new file from synthesis with the used_in_synthesis property (File Properties dialog in GUI) and re-run elaboration/synthesis.
Parsing XDC File [D:/microphone/vivado/build/mic_dma_runtime_probe_20260903/mic_dma.runs/synth_1/dont_touch.xdc]
Finished Parsing XDC File [D:/microphone/vivado/build/mic_dma_runtime_probe_20260903/mic_dma.runs/synth_1/dont_touch.xdc]
Completed Processing XDC Constraints

Netlist sorting complete. Time (s): cpu = 00:00:00 ; elapsed = 00:00:00 . Memory (MB): peak = 1021.633 ; gain = 0.000
INFO: [Project 1-111] Unisim Transformation Summary:
No Unisim elements were transformed.

Constraint Validation Runtime : Time (s): cpu = 00:00:00 ; elapsed = 00:00:00.008 . Memory (MB): peak = 1021.633 ; gain = 0.000
---------------------------------------------------------------------------------
Finished Constraint Validation : Time (s): cpu = 00:00:05 ; elapsed = 00:00:05 . Memory (MB): peak = 1021.633 ; gain = 329.965
---------------------------------------------------------------------------------
---------------------------------------------------------------------------------
Start Loading Part and Timing Information
---------------------------------------------------------------------------------
Loading part: xc7z020clg400-2
---------------------------------------------------------------------------------
Finished Loading Part and Timing Information : Time (s): cpu = 00:00:05 ; elapsed = 00:00:05 . Memory (MB): peak = 1021.633 ; gain = 329.965
---------------------------------------------------------------------------------
---------------------------------------------------------------------------------
Start Applying 'set_property' XDC Constraints
---------------------------------------------------------------------------------
Applied set_property IO_BUFFER_TYPE = NONE for DDR_addr[0]. (constraint file  d:/microphone/vivado/build/mic_dma_runtime_probe_20260903/mic_dma.srcs/sources_1/bd/mic_dma_system/ip/mic_dma_system_processing_system7_0_0/mic_dma_system_processing_system7_0_0/mic_dma_system_processing_system7_0_0_in_context.xdc, line 2).
Applied set_property CLOCK_BUFFER_TYPE = NONE for DDR_addr[0]. (constraint file  d:/microphone/vivado/build/mic_dma_runtime_probe_20260903/mic_dma.srcs/sources_1/bd/mic_dma_system/ip/mic_dma_system_processing_system7_0_0/mic_dma_system_processing_system7_0_0/mic_dma_system_processing_system7_0_0_in_context.xdc, line 3).
Applied set_property IO_BUFFER_TYPE = NONE for DDR_addr[10]. (constraint file  d:/microphone/vivado/build/mic_dma_runtime_probe_20260903/mic_dma.srcs/sources_1/bd/mic_dma_system/ip/mic_dma_system_processing_system7_0_0/mic_dma_system_processing_system7_0_0/mic_dma_system_processing_system7_0_0_in_context.xdc, line 4).
Applied set_property CLOCK_BUFFER_TYPE = NONE for DDR_addr[10]. (constraint file  d:/microphone/vivado/build/mic_dma_runtime_probe_20260903/mic_dma.srcs/sources_1/bd/mic_dma_system/ip/mic_dma_system_processing_system7_0_0/mic_dma_system_processing_system7_0_0/mic_dma_system_processing_system7_0_0_in_context.xdc, line 5).
Applied set_property IO_BUFFER_TYPE = NONE for DDR_addr[11]. (constraint file  d:/microphone/vivado/build/mic_dma_runtime_probe_20260903/mic_dma.srcs/sources_1/bd/mic_dma_system/ip/mic_dma_system_processing_system7_0_0/mic_dma_system_processing_system7_0_0/mic_dma_system_processing_system7_0_0_in_context.xdc, line 6).
Applied set_property CLOCK_BUFFER_TYPE = NONE for DDR_addr[11]. (constraint file  d:/microphone/vivado/build/mic_dma_runtime_probe_20260903/mic_dma.srcs/sources_1/bd/mic_dma_system/ip/mic_dma_system_processing_system7_0_0/mic_dma_system_processing_system7_0_0/mic_dma_system_processing_system7_0_0_in_context.xdc, line 7).
Applied set_property IO_BUFFER_TYPE = NONE for DDR_addr[12]. (constraint file  d:/microphone/vivado/build/mic_dma_runtime_probe_20260903/mic_dma.srcs/sources_1/bd/mic_dma_system/ip/mic_dma_system_processing_system7_0_0/mic_dma_system_processing_system7_0_0/mic_dma_system_processing_system7_0_0_in_context.xdc, line 8).
Applied set_property CLOCK_BUFFER_TYPE = NONE for DDR_addr[12]. (constraint file  d:/microphone/vivado/build/mic_dma_runtime_probe_20260903/mic_dma.srcs/sources_1/bd/mic_dma_system/ip/mic_dma_system_processing_system7_0_0/mic_dma_system_processing_system7_0_0/mic_dma_system_processing_system7_0_0_in_context.xdc, line 9).
Applied set_property IO_BUFFER_TYPE = NONE for DDR_addr[13]. (constraint file  d:/microphone/vivado/build/mic_dma_runtime_probe_20260903/mic_dma.srcs/sources_1/bd/mic_dma_system/ip/mic_dma_system_processing_system7_0_0/mic_dma_system_processing_system7_0_0/mic_dma_system_processing_system7_0_0_in_context.xdc, line 10).
Applied set_property CLOCK_BUFFER_TYPE = NONE for DDR_addr[13]. (constraint file  d:/microphone/vivado/build/mic_dma_runtime_probe_20260903/mic_dma.srcs/sources_1/bd/mic_dma_system/ip/mic_dma_system_processing_system7_0_0/mic_dma_system_processing_system7_0_0/mic_dma_system_processing_system7_0_0_in_context.xdc, line 11).
Applied set_property IO_BUFFER_TYPE = NONE for DDR_addr[14]. (constraint file  d:/microphone/vivado/build/mic_dma_runtime_probe_20260903/mic_dma.srcs/sources_1/bd/mic_dma_system/ip/mic_dma_system_processing_system7_0_0/mic_dma_system_processing_system7_0_0/mic_dma_system_processing_system7_0_0_in_context.xdc, line 12).
Applied set_property CLOCK_BUFFER_TYPE = NONE for DDR_addr[14]. (constraint file  d:/microphone/vivado/build/mic_dma_runtime_probe_20260903/mic_dma.srcs/sources_1/bd/mic_dma_system/ip/mic_dma_system_processing_system7_0_0/mic_dma_system_processing_system7_0_0/mic_dma_system_processing_system7_0_0_in_context.xdc, line 13).
Applied set_property IO_BUFFER_TYPE = NONE for DDR_addr[1]. (constraint file  d:/microphone/vivado/build/mic_dma_runtime_probe_20260903/mic_dma.srcs/sources_1/bd/mic_dma_system/ip/mic_dma_system_processing_system7_0_0/mic_dma_system_processing_system7_0_0/mic_dma_system_processing_system7_0_0_in_context.xdc, line 14).
Applied set_property CLOCK_BUFFER_TYPE = NONE for DDR_addr[1]. (constraint file  d:/microphone/vivado/build/mic_dma_runtime_probe_20260903/mic_dma.srcs/sources_1/bd/mic_dma_system/ip/mic_dma_system_processing_system7_0_0/mic_dma_system_processing_system7_0_0/mic_dma_system_processing_system7_0_0_in_context.xdc, line 15).
Applied set_property IO_BUFFER_TYPE = NONE for DDR_addr[2]. (constraint file  d:/microphone/vivado/build/mic_dma_runtime_probe_20260903/mic_dma.srcs/sources_1/bd/mic_dma_system/ip/mic_dma_system_processing_system7_0_0/mic_dma_system_processing_system7_0_0/mic_dma_system_processing_system7_0_0_in_context.xdc, line 16).
Applied set_property CLOCK_BUFFER_TYPE = NONE for DDR_addr[2]. (constraint file  d:/microphone/vivado/build/mic_dma_runtime_probe_20260903/mic_dma.srcs/sources_1/bd/mic_dma_system/ip/mic_dma_system_processing_system7_0_0/mic_dma_system_processing_system7_0_0/mic_dma_system_processing_system7_0_0_in_context.xdc, line 17).
Applied set_property IO_BUFFER_TYPE = NONE for DDR_addr[3]. (constraint file  d:/microphone/vivado/build/mic_dma_runtime_probe_20260903/mic_dma.srcs/sources_1/bd/mic_dma_system/ip/mic_dma_system_processing_system7_0_0/mic_dma_system_processing_system7_0_0/mic_dma_system_processing_system7_0_0_in_context.xdc, line 18).
Applied set_property CLOCK_BUFFER_TYPE = NONE for DDR_addr[3]. (constraint file  d:/microphone/vivado/build/mic_dma_runtime_probe_20260903/mic_dma.srcs/sources_1/bd/mic_dma_system/ip/mic_dma_system_processing_system7_0_0/mic_dma_system_processing_system7_0_0/mic_dma_system_processing_system7_0_0_in_context.xdc, line 19).
Applied set_property IO_BUFFER_TYPE = NONE for DDR_addr[4]. (constraint file  d:/microphone/vivado/build/mic_dma_runtime_probe_20260903/mic_dma.srcs/sources_1/bd/mic_dma_system/ip/mic_dma_system_processing_system7_0_0/mic_dma_system_processing_system7_0_0/mic_dma_system_processing_system7_0_0_in_context.xdc, line 20).
Applied set_property CLOCK_BUFFER_TYPE = NONE for DDR_addr[4]. (constraint file  d:/microphone/vivado/build/mic_dma_runtime_probe_20260903/mic_dma.srcs/sources_1/bd/mic_dma_system/ip/mic_dma_system_processing_system7_0_0/mic_dma_system_processing_system7_0_0/mic_dma_system_processing_system7_0_0_in_context.xdc, line 21).
Applied set_property IO_BUFFER_TYPE = NONE for DDR_addr[5]. (constraint file  d:/microphone/vivado/build/mic_dma_runtime_probe_20260903/mic_dma.srcs/sources_1/bd/mic_dma_system/ip/mic_dma_system_processing_system7_0_0/mic_dma_system_processing_system7_0_0/mic_dma_system_processing_system7_0_0_in_context.xdc, line 22).
Applied set_property CLOCK_BUFFER_TYPE = NONE for DDR_addr[5]. (constraint file  d:/microphone/vivado/build/mic_dma_runtime_probe_20260903/mic_dma.srcs/sources_1/bd/mic_dma_system/ip/mic_dma_system_processing_system7_0_0/mic_dma_system_processing_system7_0_0/mic_dma_system_processing_system7_0_0_in_context.xdc, line 23).
Applied set_property IO_BUFFER_TYPE = NONE for DDR_addr[6]. (constraint file  d:/microphone/vivado/build/mic_dma_runtime_probe_20260903/mic_dma.srcs/sources_1/bd/mic_dma_system/ip/mic_dma_system_processing_system7_0_0/mic_dma_system_processing_system7_0_0/mic_dma_system_processing_system7_0_0_in_context.xdc, line 24).
Applied set_property CLOCK_BUFFER_TYPE = NONE for DDR_addr[6]. (constraint file  d:/microphone/vivado/build/mic_dma_runtime_probe_20260903/mic_dma.srcs/sources_1/bd/mic_dma_system/ip/mic_dma_system_processing_system7_0_0/mic_dma_system_processing_system7_0_0/mic_dma_system_processing_system7_0_0_in_context.xdc, line 25).
Applied set_property IO_BUFFER_TYPE = NONE for DDR_addr[7]. (constraint file  d:/microphone/vivado/build/mic_dma_runtime_probe_20260903/mic_dma.srcs/sources_1/bd/mic_dma_system/ip/mic_dma_system_processing_system7_0_0/mic_dma_system_processing_system7_0_0/mic_dma_system_processing_system7_0_0_in_context.xdc, line 26).
Applied set_property CLOCK_BUFFER_TYPE = NONE for DDR_addr[7]. (constraint file  d:/microphone/vivado/build/mic_dma_runtime_probe_20260903/mic_dma.srcs/sources_1/bd/mic_dma_system/ip/mic_dma_system_processing_system7_0_0/mic_dma_system_processing_system7_0_0/mic_dma_system_processing_system7_0_0_in_context.xdc, line 27).
Applied set_property IO_BUFFER_TYPE = NONE for DDR_addr[8]. (constraint file  d:/microphone/vivado/build/mic_dma_runtime_probe_20260903/mic_dma.srcs/sources_1/bd/mic_dma_system/ip/mic_dma_system_processing_system7_0_0/mic_dma_system_processing_system7_0_0/mic_dma_system_processing_system7_0_0_in_context.xdc, line 28).
Applied set_property CLOCK_BUFFER_TYPE = NONE for DDR_addr[8]. (constraint file  d:/microphone/vivado/build/mic_dma_runtime_probe_20260903/mic_dma.srcs/sources_1/bd/mic_dma_system/ip/mic_dma_system_processing_system7_0_0/mic_dma_system_processing_system7_0_0/mic_dma_system_processing_system7_0_0_in_context.xdc, line 29).
Applied set_property IO_BUFFER_TYPE = NONE for DDR_addr[9]. (constraint file  d:/microphone/vivado/build/mic_dma_runtime_probe_20260903/mic_dma.srcs/sources_1/bd/mic_dma_system/ip/mic_dma_system_processing_system7_0_0/mic_dma_system_processing_system7_0_0/mic_dma_system_processing_system7_0_0_in_context.xdc, line 30).
Applied set_property CLOCK_BUFFER_TYPE = NONE for DDR_addr[9]. (constraint file  d:/microphone/vivado/build/mic_dma_runtime_probe_20260903/mic_dma.srcs/sources_1/bd/mic_dma_system/ip/mic_dma_system_processing_system7_0_0/mic_dma_system_processing_system7_0_0/mic_dma_system_processing_system7_0_0_in_context.xdc, line 31).
Applied set_property IO_BUFFER_TYPE = NONE for DDR_ba[0]. (constraint file  d:/microphone/vivado/build/mic_dma_runtime_probe_20260903/mic_dma.srcs/sources_1/bd/mic_dma_system/ip/mic_dma_system_processing_system7_0_0/mic_dma_system_processing_system7_0_0/mic_dma_system_processing_system7_0_0_in_context.xdc, line 32).
Applied set_property CLOCK_BUFFER_TYPE = NONE for DDR_ba[0]. (constraint file  d:/microphone/vivado/build/mic_dma_runtime_probe_20260903/mic_dma.srcs/sources_1/bd/mic_dma_system/ip/mic_dma_system_processing_system7_0_0/mic_dma_system_processing_system7_0_0/mic_dma_system_processing_system7_0_0_in_context.xdc, line 33).
Applied set_property IO_BUFFER_TYPE = NONE for DDR_ba[1]. (constraint file  d:/microphone/vivado/build/mic_dma_runtime_probe_20260903/mic_dma.srcs/sources_1/bd/mic_dma_system/ip/mic_dma_system_processing_system7_0_0/mic_dma_system_processing_system7_0_0/mic_dma_system_processing_system7_0_0_in_context.xdc, line 34).
Applied set_property CLOCK_BUFFER_TYPE = NONE for DDR_ba[1]. (constraint file  d:/microphone/vivado/build/mic_dma_runtime_probe_20260903/mic_dma.srcs/sources_1/bd/mic_dma_system/ip/mic_dma_system_processing_system7_0_0/mic_dma_system_processing_system7_0_0/mic_dma_system_processing_system7_0_0_in_context.xdc, line 35).
Applied set_property IO_BUFFER_TYPE = NONE for DDR_ba[2]. (constraint file  d:/microphone/vivado/build/mic_dma_runtime_probe_20260903/mic_dma.srcs/sources_1/bd/mic_dma_system/ip/mic_dma_system_processing_system7_0_0/mic_dma_system_processing_system7_0_0/mic_dma_system_processing_system7_0_0_in_context.xdc, line 36).
Applied set_property CLOCK_BUFFER_TYPE = NONE for DDR_ba[2]. (constraint file  d:/microphone/vivado/build/mic_dma_runtime_probe_20260903/mic_dma.srcs/sources_1/bd/mic_dma_system/ip/mic_dma_system_processing_system7_0_0/mic_dma_system_processing_system7_0_0/mic_dma_system_processing_system7_0_0_in_context.xdc, line 37).
Applied set_property IO_BUFFER_TYPE = NONE for DDR_cas_n. (constraint file  d:/microphone/vivado/build/mic_dma_runtime_probe_20260903/mic_dma.srcs/sources_1/bd/mic_dma_system/ip/mic_dma_system_processing_system7_0_0/mic_dma_system_processing_system7_0_0/mic_dma_system_processing_system7_0_0_in_context.xdc, line 38).
Applied set_property CLOCK_BUFFER_TYPE = NONE for DDR_cas_n. (constraint file  d:/microphone/vivado/build/mic_dma_runtime_probe_20260903/mic_dma.srcs/sources_1/bd/mic_dma_system/ip/mic_dma_system_processing_system7_0_0/mic_dma_system_processing_system7_0_0/mic_dma_system_processing_system7_0_0_in_context.xdc, line 39).
Applied set_property IO_BUFFER_TYPE = NONE for DDR_cke. (constraint file  d:/microphone/vivado/build/mic_dma_runtime_probe_20260903/mic_dma.srcs/sources_1/bd/mic_dma_system/ip/mic_dma_system_processing_system7_0_0/mic_dma_system_processing_system7_0_0/mic_dma_system_processing_system7_0_0_in_context.xdc, line 40).
Applied set_property CLOCK_BUFFER_TYPE = NONE for DDR_cke. (constraint file  d:/microphone/vivado/build/mic_dma_runtime_probe_20260903/mic_dma.srcs/sources_1/bd/mic_dma_system/ip/mic_dma_system_processing_system7_0_0/mic_dma_system_processing_system7_0_0/mic_dma_system_processing_system7_0_0_in_context.xdc, line 41).
Applied set_property IO_BUFFER_TYPE = NONE for DDR_cs_n. (constraint file  d:/microphone/vivado/build/mic_dma_runtime_probe_20260903/mic_dma.srcs/sources_1/bd/mic_dma_system/ip/mic_dma_system_processing_system7_0_0/mic_dma_system_processing_system7_0_0/mic_dma_system_processing_system7_0_0_in_context.xdc, line 42).
Applied set_property CLOCK_BUFFER_TYPE = NONE for DDR_cs_n. (constraint file  d:/microphone/vivado/build/mic_dma_runtime_probe_20260903/mic_dma.srcs/sources_1/bd/mic_dma_system/ip/mic_dma_system_processing_system7_0_0/mic_dma_system_processing_system7_0_0/mic_dma_system_processing_system7_0_0_in_context.xdc, line 43).
Applied set_property IO_BUFFER_TYPE = NONE for DDR_ck_p. (constraint file  d:/microphone/vivado/build/mic_dma_runtime_probe_20260903/mic_dma.srcs/sources_1/bd/mic_dma_system/ip/mic_dma_system_processing_system7_0_0/mic_dma_system_processing_system7_0_0/mic_dma_system_processing_system7_0_0_in_context.xdc, line 44).
Applied set_property CLOCK_BUFFER_TYPE = NONE for DDR_ck_p. (constraint file  d:/microphone/vivado/build/mic_dma_runtime_probe_20260903/mic_dma.srcs/sources_1/bd/mic_dma_system/ip/mic_dma_system_processing_system7_0_0/mic_dma_system_processing_system7_0_0/mic_dma_system_processing_system7_0_0_in_context.xdc, line 45).
Applied set_property IO_BUFFER_TYPE = NONE for DDR_ck_n. (constraint file  d:/microphone/vivado/build/mic_dma_runtime_probe_20260903/mic_dma.srcs/sources_1/bd/mic_dma_system/ip/mic_dma_system_processing_system7_0_0/mic_dma_system_processing_system7_0_0/mic_dma_system_processing_system7_0_0_in_context.xdc, line 46).
Applied set_property CLOCK_BUFFER_TYPE = NONE for DDR_ck_n. (constraint file  d:/microphone/vivado/build/mic_dma_runtime_probe_20260903/mic_dma.srcs/sources_1/bd/mic_dma_system/ip/mic_dma_system_processing_system7_0_0/mic_dma_system_processing_system7_0_0/mic_dma_system_processing_system7_0_0_in_context.xdc, line 47).
Applied set_property IO_BUFFER_TYPE = NONE for DDR_dm[0]. (constraint file  d:/microphone/vivado/build/mic_dma_runtime_probe_20260903/mic_dma.srcs/sources_1/bd/mic_dma_system/ip/mic_dma_system_processing_system7_0_0/mic_dma_system_processing_system7_0_0/mic_dma_system_processing_system7_0_0_in_context.xdc, line 48).
Applied set_property CLOCK_BUFFER_TYPE = NONE for DDR_dm[0]. (constraint file  d:/microphone/vivado/build/mic_dma_runtime_probe_20260903/mic_dma.srcs/sources_1/bd/mic_dma_system/ip/mic_dma_system_processing_system7_0_0/mic_dma_system_processing_system7_0_0/mic_dma_system_processing_system7_0_0_in_context.xdc, line 49).
Applied set_property IO_BUFFER_TYPE = NONE for DDR_dm[1]. (constraint file  d:/microphone/vivado/build/mic_dma_runtime_probe_20260903/mic_dma.srcs/sources_1/bd/mic_dma_system/ip/mic_dma_system_processing_system7_0_0/mic_dma_system_processing_system7_0_0/mic_dma_system_processing_system7_0_0_in_context.xdc, line 50).
Applied set_property CLOCK_BUFFER_TYPE = NONE for DDR_dm[1]. (constraint file  d:/microphone/vivado/build/mic_dma_runtime_probe_20260903/mic_dma.srcs/sources_1/bd/mic_dma_system/ip/mic_dma_system_processing_system7_0_0/mic_dma_system_processing_system7_0_0/mic_dma_system_processing_system7_0_0_in_context.xdc, line 51).
Applied set_property IO_BUFFER_TYPE = NONE for DDR_dm[2]. (constraint file  d:/microphone/vivado/build/mic_dma_runtime_probe_20260903/mic_dma.srcs/sources_1/bd/mic_dma_system/ip/mic_dma_system_processing_system7_0_0/mic_dma_system_processing_system7_0_0/mic_dma_system_processing_system7_0_0_in_context.xdc, line 52).
Applied set_property CLOCK_BUFFER_TYPE = NONE for DDR_dm[2]. (constraint file  d:/microphone/vivado/build/mic_dma_runtime_probe_20260903/mic_dma.srcs/sources_1/bd/mic_dma_system/ip/mic_dma_system_processing_system7_0_0/mic_dma_system_processing_system7_0_0/mic_dma_system_processing_system7_0_0_in_context.xdc, line 53).
Applied set_property IO_BUFFER_TYPE = NONE for DDR_dm[3]. (constraint file  d:/microphone/vivado/build/mic_dma_runtime_probe_20260903/mic_dma.srcs/sources_1/bd/mic_dma_system/ip/mic_dma_system_processing_system7_0_0/mic_dma_system_processing_system7_0_0/mic_dma_system_processing_system7_0_0_in_context.xdc, line 54).
Applied set_property CLOCK_BUFFER_TYPE = NONE for DDR_dm[3]. (constraint file  d:/microphone/vivado/build/mic_dma_runtime_probe_20260903/mic_dma.srcs/sources_1/bd/mic_dma_system/ip/mic_dma_system_processing_system7_0_0/mic_dma_system_processing_system7_0_0/mic_dma_system_processing_system7_0_0_in_context.xdc, line 55).
Applied set_property IO_BUFFER_TYPE = NONE for DDR_dqs_p[0]. (constraint file  d:/microphone/vivado/build/mic_dma_runtime_probe_20260903/mic_dma.srcs/sources_1/bd/mic_dma_system/ip/mic_dma_system_processing_system7_0_0/mic_dma_system_processing_system7_0_0/mic_dma_system_processing_system7_0_0_in_context.xdc, line 56).
Applied set_property CLOCK_BUFFER_TYPE = NONE for DDR_dqs_p[0]. (constraint file  d:/microphone/vivado/build/mic_dma_runtime_probe_20260903/mic_dma.srcs/sources_1/bd/mic_dma_system/ip/mic_dma_system_processing_system7_0_0/mic_dma_system_processing_system7_0_0/mic_dma_system_processing_system7_0_0_in_context.xdc, line 57).
Applied set_property IO_BUFFER_TYPE = NONE for DDR_dqs_p[1]. (constraint file  d:/microphone/vivado/build/mic_dma_runtime_probe_20260903/mic_dma.srcs/sources_1/bd/mic_dma_system/ip/mic_dma_system_processing_system7_0_0/mic_dma_system_processing_system7_0_0/mic_dma_system_processing_system7_0_0_in_context.xdc, line 58).
Applied set_property CLOCK_BUFFER_TYPE = NONE for DDR_dqs_p[1]. (constraint file  d:/microphone/vivado/build/mic_dma_runtime_probe_20260903/mic_dma.srcs/sources_1/bd/mic_dma_system/ip/mic_dma_system_processing_system7_0_0/mic_dma_system_processing_system7_0_0/mic_dma_system_processing_system7_0_0_in_context.xdc, line 59).
Applied set_property IO_BUFFER_TYPE = NONE for DDR_dqs_p[2]. (constraint file  d:/microphone/vivado/build/mic_dma_runtime_probe_20260903/mic_dma.srcs/sources_1/bd/mic_dma_system/ip/mic_dma_system_processing_system7_0_0/mic_dma_system_processing_system7_0_0/mic_dma_system_processing_system7_0_0_in_context.xdc, line 60).
Applied set_property CLOCK_BUFFER_TYPE = NONE for DDR_dqs_p[2]. (constraint file  d:/microphone/vivado/build/mic_dma_runtime_probe_20260903/mic_dma.srcs/sources_1/bd/mic_dma_system/ip/mic_dma_system_processing_system7_0_0/mic_dma_system_processing_system7_0_0/mic_dma_system_processing_system7_0_0_in_context.xdc, line 61).
Applied set_property IO_BUFFER_TYPE = NONE for DDR_dqs_p[3]. (constraint file  d:/microphone/vivado/build/mic_dma_runtime_probe_20260903/mic_dma.srcs/sources_1/bd/mic_dma_system/ip/mic_dma_system_processing_system7_0_0/mic_dma_system_processing_system7_0_0/mic_dma_system_processing_system7_0_0_in_context.xdc, line 62).
Applied set_property CLOCK_BUFFER_TYPE = NONE for DDR_dqs_p[3]. (constraint file  d:/microphone/vivado/build/mic_dma_runtime_probe_20260903/mic_dma.srcs/sources_1/bd/mic_dma_system/ip/mic_dma_system_processing_system7_0_0/mic_dma_system_processing_system7_0_0/mic_dma_system_processing_system7_0_0_in_context.xdc, line 63).
Applied set_property IO_BUFFER_TYPE = NONE for DDR_dqs_n[0]. (constraint file  d:/microphone/vivado/build/mic_dma_runtime_probe_20260903/mic_dma.srcs/sources_1/bd/mic_dma_system/ip/mic_dma_system_processing_system7_0_0/mic_dma_system_processing_system7_0_0/mic_dma_system_processing_system7_0_0_in_context.xdc, line 64).
Applied set_property CLOCK_BUFFER_TYPE = NONE for DDR_dqs_n[0]. (constraint file  d:/microphone/vivado/build/mic_dma_runtime_probe_20260903/mic_dma.srcs/sources_1/bd/mic_dma_system/ip/mic_dma_system_processing_system7_0_0/mic_dma_system_processing_system7_0_0/mic_dma_system_processing_system7_0_0_in_context.xdc, line 65).
Applied set_property IO_BUFFER_TYPE = NONE for DDR_dqs_n[1]. (constraint file  d:/microphone/vivado/build/mic_dma_runtime_probe_20260903/mic_dma.srcs/sources_1/bd/mic_dma_system/ip/mic_dma_system_processing_system7_0_0/mic_dma_system_processing_system7_0_0/mic_dma_system_processing_system7_0_0_in_context.xdc, line 66).
Applied set_property CLOCK_BUFFER_TYPE = NONE for DDR_dqs_n[1]. (constraint file  d:/microphone/vivado/build/mic_dma_runtime_probe_20260903/mic_dma.srcs/sources_1/bd/mic_dma_system/ip/mic_dma_system_processing_system7_0_0/mic_dma_system_processing_system7_0_0/mic_dma_system_processing_system7_0_0_in_context.xdc, line 67).
Applied set_property IO_BUFFER_TYPE = NONE for DDR_dqs_n[2]. (constraint file  d:/microphone/vivado/build/mic_dma_runtime_probe_20260903/mic_dma.srcs/sources_1/bd/mic_dma_system/ip/mic_dma_system_processing_system7_0_0/mic_dma_system_processing_system7_0_0/mic_dma_system_processing_system7_0_0_in_context.xdc, line 68).
Applied set_property CLOCK_BUFFER_TYPE = NONE for DDR_dqs_n[2]. (constraint file  d:/microphone/vivado/build/mic_dma_runtime_probe_20260903/mic_dma.srcs/sources_1/bd/mic_dma_system/ip/mic_dma_system_processing_system7_0_0/mic_dma_system_processing_system7_0_0/mic_dma_system_processing_system7_0_0_in_context.xdc, line 69).
Applied set_property IO_BUFFER_TYPE = NONE for DDR_dqs_n[3]. (constraint file  d:/microphone/vivado/build/mic_dma_runtime_probe_20260903/mic_dma.srcs/sources_1/bd/mic_dma_system/ip/mic_dma_system_processing_system7_0_0/mic_dma_system_processing_system7_0_0/mic_dma_system_processing_system7_0_0_in_context.xdc, line 70).
Applied set_property CLOCK_BUFFER_TYPE = NONE for DDR_dqs_n[3]. (constraint file  d:/microphone/vivado/build/mic_dma_runtime_probe_20260903/mic_dma.srcs/sources_1/bd/mic_dma_system/ip/mic_dma_system_processing_system7_0_0/mic_dma_system_processing_system7_0_0/mic_dma_system_processing_system7_0_0_in_context.xdc, line 71).
Applied set_property IO_BUFFER_TYPE = NONE for DDR_dq[0]. (constraint file  d:/microphone/vivado/build/mic_dma_runtime_probe_20260903/mic_dma.srcs/sources_1/bd/mic_dma_system/ip/mic_dma_system_processing_system7_0_0/mic_dma_system_processing_system7_0_0/mic_dma_system_processing_system7_0_0_in_context.xdc, line 72).
Applied set_property CLOCK_BUFFER_TYPE = NONE for DDR_dq[0]. (constraint file  d:/microphone/vivado/build/mic_dma_runtime_probe_20260903/mic_dma.srcs/sources_1/bd/mic_dma_system/ip/mic_dma_system_processing_system7_0_0/mic_dma_system_processing_system7_0_0/mic_dma_system_processing_system7_0_0_in_context.xdc, line 73).
Applied set_property IO_BUFFER_TYPE = NONE for DDR_dq[10]. (constraint file  d:/microphone/vivado/build/mic_dma_runtime_probe_20260903/mic_dma.srcs/sources_1/bd/mic_dma_system/ip/mic_dma_system_processing_system7_0_0/mic_dma_system_processing_system7_0_0/mic_dma_system_processing_system7_0_0_in_context.xdc, line 74).
Applied set_property CLOCK_BUFFER_TYPE = NONE for DDR_dq[10]. (constraint file  d:/microphone/vivado/build/mic_dma_runtime_probe_20260903/mic_dma.srcs/sources_1/bd/mic_dma_system/ip/mic_dma_system_processing_system7_0_0/mic_dma_system_processing_system7_0_0/mic_dma_system_processing_system7_0_0_in_context.xdc, line 75).
Applied set_property IO_BUFFER_TYPE = NONE for DDR_dq[11]. (constraint file  d:/microphone/vivado/build/mic_dma_runtime_probe_20260903/mic_dma.srcs/sources_1/bd/mic_dma_system/ip/mic_dma_system_processing_system7_0_0/mic_dma_system_processing_system7_0_0/mic_dma_system_processing_system7_0_0_in_context.xdc, line 76).
Applied set_property CLOCK_BUFFER_TYPE = NONE for DDR_dq[11]. (constraint file  d:/microphone/vivado/build/mic_dma_runtime_probe_20260903/mic_dma.srcs/sources_1/bd/mic_dma_system/ip/mic_dma_system_processing_system7_0_0/mic_dma_system_processing_system7_0_0/mic_dma_system_processing_system7_0_0_in_context.xdc, line 77).
Applied set_property IO_BUFFER_TYPE = NONE for DDR_dq[12]. (constraint file  d:/microphone/vivado/build/mic_dma_runtime_probe_20260903/mic_dma.srcs/sources_1/bd/mic_dma_system/ip/mic_dma_system_processing_system7_0_0/mic_dma_system_processing_system7_0_0/mic_dma_system_processing_system7_0_0_in_context.xdc, line 78).
Applied set_property CLOCK_BUFFER_TYPE = NONE for DDR_dq[12]. (constraint file  d:/microphone/vivado/build/mic_dma_runtime_probe_20260903/mic_dma.srcs/sources_1/bd/mic_dma_system/ip/mic_dma_system_processing_system7_0_0/mic_dma_system_processing_system7_0_0/mic_dma_system_processing_system7_0_0_in_context.xdc, line 79).
Applied set_property IO_BUFFER_TYPE = NONE for DDR_dq[13]. (constraint file  d:/microphone/vivado/build/mic_dma_runtime_probe_20260903/mic_dma.srcs/sources_1/bd/mic_dma_system/ip/mic_dma_system_processing_system7_0_0/mic_dma_system_processing_system7_0_0/mic_dma_system_processing_system7_0_0_in_context.xdc, line 80).
Applied set_property CLOCK_BUFFER_TYPE = NONE for DDR_dq[13]. (constraint file  d:/microphone/vivado/build/mic_dma_runtime_probe_20260903/mic_dma.srcs/sources_1/bd/mic_dma_system/ip/mic_dma_system_processing_system7_0_0/mic_dma_system_processing_system7_0_0/mic_dma_system_processing_system7_0_0_in_context.xdc, line 81).
Applied set_property IO_BUFFER_TYPE = NONE for DDR_dq[14]. (constraint file  d:/microphone/vivado/build/mic_dma_runtime_probe_20260903/mic_dma.srcs/sources_1/bd/mic_dma_system/ip/mic_dma_system_processing_system7_0_0/mic_dma_system_processing_system7_0_0/mic_dma_system_processing_system7_0_0_in_context.xdc, line 82).
Applied set_property CLOCK_BUFFER_TYPE = NONE for DDR_dq[14]. (constraint file  d:/microphone/vivado/build/mic_dma_runtime_probe_20260903/mic_dma.srcs/sources_1/bd/mic_dma_system/ip/mic_dma_system_processing_system7_0_0/mic_dma_system_processing_system7_0_0/mic_dma_system_processing_system7_0_0_in_context.xdc, line 83).
Applied set_property IO_BUFFER_TYPE = NONE for DDR_dq[15]. (constraint file  d:/microphone/vivado/build/mic_dma_runtime_probe_20260903/mic_dma.srcs/sources_1/bd/mic_dma_system/ip/mic_dma_system_processing_system7_0_0/mic_dma_system_processing_system7_0_0/mic_dma_system_processing_system7_0_0_in_context.xdc, line 84).
Applied set_property CLOCK_BUFFER_TYPE = NONE for DDR_dq[15]. (constraint file  d:/microphone/vivado/build/mic_dma_runtime_probe_20260903/mic_dma.srcs/sources_1/bd/mic_dma_system/ip/mic_dma_system_processing_system7_0_0/mic_dma_system_processing_system7_0_0/mic_dma_system_processing_system7_0_0_in_context.xdc, line 85).
Applied set_property IO_BUFFER_TYPE = NONE for DDR_dq[16]. (constraint file  d:/microphone/vivado/build/mic_dma_runtime_probe_20260903/mic_dma.srcs/sources_1/bd/mic_dma_system/ip/mic_dma_system_processing_system7_0_0/mic_dma_system_processing_system7_0_0/mic_dma_system_processing_system7_0_0_in_context.xdc, line 86).
Applied set_property CLOCK_BUFFER_TYPE = NONE for DDR_dq[16]. (constraint file  d:/microphone/vivado/build/mic_dma_runtime_probe_20260903/mic_dma.srcs/sources_1/bd/mic_dma_system/ip/mic_dma_system_processing_system7_0_0/mic_dma_system_processing_system7_0_0/mic_dma_system_processing_system7_0_0_in_context.xdc, line 87).
Applied set_property IO_BUFFER_TYPE = NONE for DDR_dq[17]. (constraint file  d:/microphone/vivado/build/mic_dma_runtime_probe_20260903/mic_dma.srcs/sources_1/bd/mic_dma_system/ip/mic_dma_system_processing_system7_0_0/mic_dma_system_processing_system7_0_0/mic_dma_system_processing_system7_0_0_in_context.xdc, line 88).
Applied set_property CLOCK_BUFFER_TYPE = NONE for DDR_dq[17]. (constraint file  d:/microphone/vivado/build/mic_dma_runtime_probe_20260903/mic_dma.srcs/sources_1/bd/mic_dma_system/ip/mic_dma_system_processing_system7_0_0/mic_dma_system_processing_system7_0_0/mic_dma_system_processing_system7_0_0_in_context.xdc, line 89).
Applied set_property IO_BUFFER_TYPE = NONE for DDR_dq[18]. (constraint file  d:/microphone/vivado/build/mic_dma_runtime_probe_20260903/mic_dma.srcs/sources_1/bd/mic_dma_system/ip/mic_dma_system_processing_system7_0_0/mic_dma_system_processing_system7_0_0/mic_dma_system_processing_system7_0_0_in_context.xdc, line 90).
Applied set_property CLOCK_BUFFER_TYPE = NONE for DDR_dq[18]. (constraint file  d:/microphone/vivado/build/mic_dma_runtime_probe_20260903/mic_dma.srcs/sources_1/bd/mic_dma_system/ip/mic_dma_system_processing_system7_0_0/mic_dma_system_processing_system7_0_0/mic_dma_system_processing_system7_0_0_in_context.xdc, line 91).
Applied set_property IO_BUFFER_TYPE = NONE for DDR_dq[19]. (constraint file  d:/microphone/vivado/build/mic_dma_runtime_probe_20260903/mic_dma.srcs/sources_1/bd/mic_dma_system/ip/mic_dma_system_processing_system7_0_0/mic_dma_system_processing_system7_0_0/mic_dma_system_processing_system7_0_0_in_context.xdc, line 92).
Applied set_property CLOCK_BUFFER_TYPE = NONE for DDR_dq[19]. (constraint file  d:/microphone/vivado/build/mic_dma_runtime_probe_20260903/mic_dma.srcs/sources_1/bd/mic_dma_system/ip/mic_dma_system_processing_system7_0_0/mic_dma_system_processing_system7_0_0/mic_dma_system_processing_system7_0_0_in_context.xdc, line 93).
Applied set_property IO_BUFFER_TYPE = NONE for DDR_dq[1]. (constraint file  d:/microphone/vivado/build/mic_dma_runtime_probe_20260903/mic_dma.srcs/sources_1/bd/mic_dma_system/ip/mic_dma_system_processing_system7_0_0/mic_dma_system_processing_system7_0_0/mic_dma_system_processing_system7_0_0_in_context.xdc, line 94).
Applied set_property CLOCK_BUFFER_TYPE = NONE for DDR_dq[1]. (constraint file  d:/microphone/vivado/build/mic_dma_runtime_probe_20260903/mic_dma.srcs/sources_1/bd/mic_dma_system/ip/mic_dma_system_processing_system7_0_0/mic_dma_system_processing_system7_0_0/mic_dma_system_processing_system7_0_0_in_context.xdc, line 95).
Applied set_property IO_BUFFER_TYPE = NONE for DDR_dq[20]. (constraint file  d:/microphone/vivado/build/mic_dma_runtime_probe_20260903/mic_dma.srcs/sources_1/bd/mic_dma_system/ip/mic_dma_system_processing_system7_0_0/mic_dma_system_processing_system7_0_0/mic_dma_system_processing_system7_0_0_in_context.xdc, line 96).
Applied set_property CLOCK_BUFFER_TYPE = NONE for DDR_dq[20]. (constraint file  d:/microphone/vivado/build/mic_dma_runtime_probe_20260903/mic_dma.srcs/sources_1/bd/mic_dma_system/ip/mic_dma_system_processing_system7_0_0/mic_dma_system_processing_system7_0_0/mic_dma_system_processing_system7_0_0_in_context.xdc, line 97).
Applied set_property IO_BUFFER_TYPE = NONE for DDR_dq[21]. (constraint file  d:/microphone/vivado/build/mic_dma_runtime_probe_20260903/mic_dma.srcs/sources_1/bd/mic_dma_system/ip/mic_dma_system_processing_system7_0_0/mic_dma_system_processing_system7_0_0/mic_dma_system_processing_system7_0_0_in_context.xdc, line 98).
Applied set_property CLOCK_BUFFER_TYPE = NONE for DDR_dq[21]. (constraint file  d:/microphone/vivado/build/mic_dma_runtime_probe_20260903/mic_dma.srcs/sources_1/bd/mic_dma_system/ip/mic_dma_system_processing_system7_0_0/mic_dma_system_processing_system7_0_0/mic_dma_system_processing_system7_0_0_in_context.xdc, line 99).
Applied set_property IO_BUFFER_TYPE = NONE for DDR_dq[22]. (constraint file  d:/microphone/vivado/build/mic_dma_runtime_probe_20260903/mic_dma.srcs/sources_1/bd/mic_dma_system/ip/mic_dma_system_processing_system7_0_0/mic_dma_system_processing_system7_0_0/mic_dma_system_processing_system7_0_0_in_context.xdc, line 100).
Applied set_property CLOCK_BUFFER_TYPE = NONE for DDR_dq[22]. (constraint file  d:/microphone/vivado/build/mic_dma_runtime_probe_20260903/mic_dma.srcs/sources_1/bd/mic_dma_system/ip/mic_dma_system_processing_system7_0_0/mic_dma_system_processing_system7_0_0/mic_dma_system_processing_system7_0_0_in_context.xdc, line 101).
Applied set_property IO_BUFFER_TYPE = NONE for DDR_dq[23]. (constraint file  d:/microphone/vivado/build/mic_dma_runtime_probe_20260903/mic_dma.srcs/sources_1/bd/mic_dma_system/ip/mic_dma_system_processing_system7_0_0/mic_dma_system_processing_system7_0_0/mic_dma_system_processing_system7_0_0_in_context.xdc, line 102).
Applied set_property CLOCK_BUFFER_TYPE = NONE for DDR_dq[23]. (constraint file  d:/microphone/vivado/build/mic_dma_runtime_probe_20260903/mic_dma.srcs/sources_1/bd/mic_dma_system/ip/mic_dma_system_processing_system7_0_0/mic_dma_system_processing_system7_0_0/mic_dma_system_processing_system7_0_0_in_context.xdc, line 103).
Applied set_property IO_BUFFER_TYPE = NONE for DDR_dq[24]. (constraint file  d:/microphone/vivado/build/mic_dma_runtime_probe_20260903/mic_dma.srcs/sources_1/bd/mic_dma_system/ip/mic_dma_system_processing_system7_0_0/mic_dma_system_processing_system7_0_0/mic_dma_system_processing_system7_0_0_in_context.xdc, line 104).
Applied set_property CLOCK_BUFFER_TYPE = NONE for DDR_dq[24]. (constraint file  d:/microphone/vivado/build/mic_dma_runtime_probe_20260903/mic_dma.srcs/sources_1/bd/mic_dma_system/ip/mic_dma_system_processing_system7_0_0/mic_dma_system_processing_system7_0_0/mic_dma_system_processing_system7_0_0_in_context.xdc, line 105).
Applied set_property IO_BUFFER_TYPE = NONE for DDR_dq[25]. (constraint file  d:/microphone/vivado/build/mic_dma_runtime_probe_20260903/mic_dma.srcs/sources_1/bd/mic_dma_system/ip/mic_dma_system_processing_system7_0_0/mic_dma_system_processing_system7_0_0/mic_dma_system_processing_system7_0_0_in_context.xdc, line 106).
Applied set_property CLOCK_BUFFER_TYPE = NONE for DDR_dq[25]. (constraint file  d:/microphone/vivado/build/mic_dma_runtime_probe_20260903/mic_dma.srcs/sources_1/bd/mic_dma_system/ip/mic_dma_system_processing_system7_0_0/mic_dma_system_processing_system7_0_0/mic_dma_system_processing_system7_0_0_in_context.xdc, line 107).
Applied set_property IO_BUFFER_TYPE = NONE for DDR_dq[26]. (constraint file  d:/microphone/vivado/build/mic_dma_runtime_probe_20260903/mic_dma.srcs/sources_1/bd/mic_dma_system/ip/mic_dma_system_processing_system7_0_0/mic_dma_system_processing_system7_0_0/mic_dma_system_processing_system7_0_0_in_context.xdc, line 108).
Applied set_property CLOCK_BUFFER_TYPE = NONE for DDR_dq[26]. (constraint file  d:/microphone/vivado/build/mic_dma_runtime_probe_20260903/mic_dma.srcs/sources_1/bd/mic_dma_system/ip/mic_dma_system_processing_system7_0_0/mic_dma_system_processing_system7_0_0/mic_dma_system_processing_system7_0_0_in_context.xdc, line 109).
Applied set_property IO_BUFFER_TYPE = NONE for DDR_dq[27]. (constraint file  d:/microphone/vivado/build/mic_dma_runtime_probe_20260903/mic_dma.srcs/sources_1/bd/mic_dma_system/ip/mic_dma_system_processing_system7_0_0/mic_dma_system_processing_system7_0_0/mic_dma_system_processing_system7_0_0_in_context.xdc, line 110).
Applied set_property CLOCK_BUFFER_TYPE = NONE for DDR_dq[27]. (constraint file  d:/microphone/vivado/build/mic_dma_runtime_probe_20260903/mic_dma.srcs/sources_1/bd/mic_dma_system/ip/mic_dma_system_processing_system7_0_0/mic_dma_system_processing_system7_0_0/mic_dma_system_processing_system7_0_0_in_context.xdc, line 111).
Applied set_property IO_BUFFER_TYPE = NONE for DDR_dq[28]. (constraint file  d:/microphone/vivado/build/mic_dma_runtime_probe_20260903/mic_dma.srcs/sources_1/bd/mic_dma_system/ip/mic_dma_system_processing_system7_0_0/mic_dma_system_processing_system7_0_0/mic_dma_system_processing_system7_0_0_in_context.xdc, line 112).
Applied set_property CLOCK_BUFFER_TYPE = NONE for DDR_dq[28]. (constraint file  d:/microphone/vivado/build/mic_dma_runtime_probe_20260903/mic_dma.srcs/sources_1/bd/mic_dma_system/ip/mic_dma_system_processing_system7_0_0/mic_dma_system_processing_system7_0_0/mic_dma_system_processing_system7_0_0_in_context.xdc, line 113).
Applied set_property IO_BUFFER_TYPE = NONE for DDR_dq[29]. (constraint file  d:/microphone/vivado/build/mic_dma_runtime_probe_20260903/mic_dma.srcs/sources_1/bd/mic_dma_system/ip/mic_dma_system_processing_system7_0_0/mic_dma_system_processing_system7_0_0/mic_dma_system_processing_system7_0_0_in_context.xdc, line 114).
Applied set_property CLOCK_BUFFER_TYPE = NONE for DDR_dq[29]. (constraint file  d:/microphone/vivado/build/mic_dma_runtime_probe_20260903/mic_dma.srcs/sources_1/bd/mic_dma_system/ip/mic_dma_system_processing_system7_0_0/mic_dma_system_processing_system7_0_0/mic_dma_system_processing_system7_0_0_in_context.xdc, line 115).
Applied set_property IO_BUFFER_TYPE = NONE for DDR_dq[2]. (constraint file  d:/microphone/vivado/build/mic_dma_runtime_probe_20260903/mic_dma.srcs/sources_1/bd/mic_dma_system/ip/mic_dma_system_processing_system7_0_0/mic_dma_system_processing_system7_0_0/mic_dma_system_processing_system7_0_0_in_context.xdc, line 116).
Applied set_property CLOCK_BUFFER_TYPE = NONE for DDR_dq[2]. (constraint file  d:/microphone/vivado/build/mic_dma_runtime_probe_20260903/mic_dma.srcs/sources_1/bd/mic_dma_system/ip/mic_dma_system_processing_system7_0_0/mic_dma_system_processing_system7_0_0/mic_dma_system_processing_system7_0_0_in_context.xdc, line 117).
Applied set_property IO_BUFFER_TYPE = NONE for DDR_dq[30]. (constraint file  d:/microphone/vivado/build/mic_dma_runtime_probe_20260903/mic_dma.srcs/sources_1/bd/mic_dma_system/ip/mic_dma_system_processing_system7_0_0/mic_dma_system_processing_system7_0_0/mic_dma_system_processing_system7_0_0_in_context.xdc, line 118).
Applied set_property CLOCK_BUFFER_TYPE = NONE for DDR_dq[30]. (constraint file  d:/microphone/vivado/build/mic_dma_runtime_probe_20260903/mic_dma.srcs/sources_1/bd/mic_dma_system/ip/mic_dma_system_processing_system7_0_0/mic_dma_system_processing_system7_0_0/mic_dma_system_processing_system7_0_0_in_context.xdc, line 119).
Applied set_property IO_BUFFER_TYPE = NONE for DDR_dq[31]. (constraint file  d:/microphone/vivado/build/mic_dma_runtime_probe_20260903/mic_dma.srcs/sources_1/bd/mic_dma_system/ip/mic_dma_system_processing_system7_0_0/mic_dma_system_processing_system7_0_0/mic_dma_system_processing_system7_0_0_in_context.xdc, line 120).
Applied set_property CLOCK_BUFFER_TYPE = NONE for DDR_dq[31]. (constraint file  d:/microphone/vivado/build/mic_dma_runtime_probe_20260903/mic_dma.srcs/sources_1/bd/mic_dma_system/ip/mic_dma_system_processing_system7_0_0/mic_dma_system_processing_system7_0_0/mic_dma_system_processing_system7_0_0_in_context.xdc, line 121).
Applied set_property IO_BUFFER_TYPE = NONE for DDR_dq[3]. (constraint file  d:/microphone/vivado/build/mic_dma_runtime_probe_20260903/mic_dma.srcs/sources_1/bd/mic_dma_system/ip/mic_dma_system_processing_system7_0_0/mic_dma_system_processing_system7_0_0/mic_dma_system_processing_system7_0_0_in_context.xdc, line 122).
Applied set_property CLOCK_BUFFER_TYPE = NONE for DDR_dq[3]. (constraint file  d:/microphone/vivado/build/mic_dma_runtime_probe_20260903/mic_dma.srcs/sources_1/bd/mic_dma_system/ip/mic_dma_system_processing_system7_0_0/mic_dma_system_processing_system7_0_0/mic_dma_system_processing_system7_0_0_in_context.xdc, line 123).
Applied set_property IO_BUFFER_TYPE = NONE for DDR_dq[4]. (constraint file  d:/microphone/vivado/build/mic_dma_runtime_probe_20260903/mic_dma.srcs/sources_1/bd/mic_dma_system/ip/mic_dma_system_processing_system7_0_0/mic_dma_system_processing_system7_0_0/mic_dma_system_processing_system7_0_0_in_context.xdc, line 124).
Applied set_property CLOCK_BUFFER_TYPE = NONE for DDR_dq[4]. (constraint file  d:/microphone/vivado/build/mic_dma_runtime_probe_20260903/mic_dma.srcs/sources_1/bd/mic_dma_system/ip/mic_dma_system_processing_system7_0_0/mic_dma_system_processing_system7_0_0/mic_dma_system_processing_system7_0_0_in_context.xdc, line 125).
Applied set_property IO_BUFFER_TYPE = NONE for DDR_dq[5]. (constraint file  d:/microphone/vivado/build/mic_dma_runtime_probe_20260903/mic_dma.srcs/sources_1/bd/mic_dma_system/ip/mic_dma_system_processing_system7_0_0/mic_dma_system_processing_system7_0_0/mic_dma_system_processing_system7_0_0_in_context.xdc, line 126).
Applied set_property CLOCK_BUFFER_TYPE = NONE for DDR_dq[5]. (constraint file  d:/microphone/vivado/build/mic_dma_runtime_probe_20260903/mic_dma.srcs/sources_1/bd/mic_dma_system/ip/mic_dma_system_processing_system7_0_0/mic_dma_system_processing_system7_0_0/mic_dma_system_processing_system7_0_0_in_context.xdc, line 127).
Applied set_property IO_BUFFER_TYPE = NONE for DDR_dq[6]. (constraint file  d:/microphone/vivado/build/mic_dma_runtime_probe_20260903/mic_dma.srcs/sources_1/bd/mic_dma_system/ip/mic_dma_system_processing_system7_0_0/mic_dma_system_processing_system7_0_0/mic_dma_system_processing_system7_0_0_in_context.xdc, line 128).
Applied set_property CLOCK_BUFFER_TYPE = NONE for DDR_dq[6]. (constraint file  d:/microphone/vivado/build/mic_dma_runtime_probe_20260903/mic_dma.srcs/sources_1/bd/mic_dma_system/ip/mic_dma_system_processing_system7_0_0/mic_dma_system_processing_system7_0_0/mic_dma_system_processing_system7_0_0_in_context.xdc, line 129).
Applied set_property IO_BUFFER_TYPE = NONE for DDR_dq[7]. (constraint file  d:/microphone/vivado/build/mic_dma_runtime_probe_20260903/mic_dma.srcs/sources_1/bd/mic_dma_system/ip/mic_dma_system_processing_system7_0_0/mic_dma_system_processing_system7_0_0/mic_dma_system_processing_system7_0_0_in_context.xdc, line 130).
Applied set_property CLOCK_BUFFER_TYPE = NONE for DDR_dq[7]. (constraint file  d:/microphone/vivado/build/mic_dma_runtime_probe_20260903/mic_dma.srcs/sources_1/bd/mic_dma_system/ip/mic_dma_system_processing_system7_0_0/mic_dma_system_processing_system7_0_0/mic_dma_system_processing_system7_0_0_in_context.xdc, line 131).
Applied set_property IO_BUFFER_TYPE = NONE for DDR_dq[8]. (constraint file  d:/microphone/vivado/build/mic_dma_runtime_probe_20260903/mic_dma.srcs/sources_1/bd/mic_dma_system/ip/mic_dma_system_processing_system7_0_0/mic_dma_system_processing_system7_0_0/mic_dma_system_processing_system7_0_0_in_context.xdc, line 132).
Applied set_property CLOCK_BUFFER_TYPE = NONE for DDR_dq[8]. (constraint file  d:/microphone/vivado/build/mic_dma_runtime_probe_20260903/mic_dma.srcs/sources_1/bd/mic_dma_system/ip/mic_dma_system_processing_system7_0_0/mic_dma_system_processing_system7_0_0/mic_dma_system_processing_system7_0_0_in_context.xdc, line 133).
Applied set_property IO_BUFFER_TYPE = NONE for DDR_dq[9]. (constraint file  d:/microphone/vivado/build/mic_dma_runtime_probe_20260903/mic_dma.srcs/sources_1/bd/mic_dma_system/ip/mic_dma_system_processing_system7_0_0/mic_dma_system_processing_system7_0_0/mic_dma_system_processing_system7_0_0_in_context.xdc, line 134).
Applied set_property CLOCK_BUFFER_TYPE = NONE for DDR_dq[9]. (constraint file  d:/microphone/vivado/build/mic_dma_runtime_probe_20260903/mic_dma.srcs/sources_1/bd/mic_dma_system/ip/mic_dma_system_processing_system7_0_0/mic_dma_system_processing_system7_0_0/mic_dma_system_processing_system7_0_0_in_context.xdc, line 135).
Applied set_property IO_BUFFER_TYPE = NONE for DDR_reset_n. (constraint file  d:/microphone/vivado/build/mic_dma_runtime_probe_20260903/mic_dma.srcs/sources_1/bd/mic_dma_system/ip/mic_dma_system_processing_system7_0_0/mic_dma_system_processing_system7_0_0/mic_dma_system_processing_system7_0_0_in_context.xdc, line 136).
Applied set_property CLOCK_BUFFER_TYPE = NONE for DDR_reset_n. (constraint file  d:/microphone/vivado/build/mic_dma_runtime_probe_20260903/mic_dma.srcs/sources_1/bd/mic_dma_system/ip/mic_dma_system_processing_system7_0_0/mic_dma_system_processing_system7_0_0/mic_dma_system_processing_system7_0_0_in_context.xdc, line 137).
Applied set_property IO_BUFFER_TYPE = NONE for DDR_odt. (constraint file  d:/microphone/vivado/build/mic_dma_runtime_probe_20260903/mic_dma.srcs/sources_1/bd/mic_dma_system/ip/mic_dma_system_processing_system7_0_0/mic_dma_system_processing_system7_0_0/mic_dma_system_processing_system7_0_0_in_context.xdc, line 138).
Applied set_property CLOCK_BUFFER_TYPE = NONE for DDR_odt. (constraint file  d:/microphone/vivado/build/mic_dma_runtime_probe_20260903/mic_dma.srcs/sources_1/bd/mic_dma_system/ip/mic_dma_system_processing_system7_0_0/mic_dma_system_processing_system7_0_0/mic_dma_system_processing_system7_0_0_in_context.xdc, line 139).
Applied set_property IO_BUFFER_TYPE = NONE for DDR_ras_n. (constraint file  d:/microphone/vivado/build/mic_dma_runtime_probe_20260903/mic_dma.srcs/sources_1/bd/mic_dma_system/ip/mic_dma_system_processing_system7_0_0/mic_dma_system_processing_system7_0_0/mic_dma_system_processing_system7_0_0_in_context.xdc, line 140).
Applied set_property CLOCK_BUFFER_TYPE = NONE for DDR_ras_n. (constraint file  d:/microphone/vivado/build/mic_dma_runtime_probe_20260903/mic_dma.srcs/sources_1/bd/mic_dma_system/ip/mic_dma_system_processing_system7_0_0/mic_dma_system_processing_system7_0_0/mic_dma_system_processing_system7_0_0_in_context.xdc, line 141).
Applied set_property IO_BUFFER_TYPE = NONE for FIXED_IO_ddr_vrn. (constraint file  d:/microphone/vivado/build/mic_dma_runtime_probe_20260903/mic_dma.srcs/sources_1/bd/mic_dma_system/ip/mic_dma_system_processing_system7_0_0/mic_dma_system_processing_system7_0_0/mic_dma_system_processing_system7_0_0_in_context.xdc, line 142).
Applied set_property CLOCK_BUFFER_TYPE = NONE for FIXED_IO_ddr_vrn. (constraint file  d:/microphone/vivado/build/mic_dma_runtime_probe_20260903/mic_dma.srcs/sources_1/bd/mic_dma_system/ip/mic_dma_system_processing_system7_0_0/mic_dma_system_processing_system7_0_0/mic_dma_system_processing_system7_0_0_in_context.xdc, line 143).
Applied set_property IO_BUFFER_TYPE = NONE for FIXED_IO_ddr_vrp. (constraint file  d:/microphone/vivado/build/mic_dma_runtime_probe_20260903/mic_dma.srcs/sources_1/bd/mic_dma_system/ip/mic_dma_system_processing_system7_0_0/mic_dma_system_processing_system7_0_0/mic_dma_system_processing_system7_0_0_in_context.xdc, line 144).
Applied set_property CLOCK_BUFFER_TYPE = NONE for FIXED_IO_ddr_vrp. (constraint file  d:/microphone/vivado/build/mic_dma_runtime_probe_20260903/mic_dma.srcs/sources_1/bd/mic_dma_system/ip/mic_dma_system_processing_system7_0_0/mic_dma_system_processing_system7_0_0/mic_dma_system_processing_system7_0_0_in_context.xdc, line 145).
Applied set_property IO_BUFFER_TYPE = NONE for DDR_we_n. (constraint file  d:/microphone/vivado/build/mic_dma_runtime_probe_20260903/mic_dma.srcs/sources_1/bd/mic_dma_system/ip/mic_dma_system_processing_system7_0_0/mic_dma_system_processing_system7_0_0/mic_dma_system_processing_system7_0_0_in_context.xdc, line 146).
Applied set_property CLOCK_BUFFER_TYPE = NONE for DDR_we_n. (constraint file  d:/microphone/vivado/build/mic_dma_runtime_probe_20260903/mic_dma.srcs/sources_1/bd/mic_dma_system/ip/mic_dma_system_processing_system7_0_0/mic_dma_system_processing_system7_0_0/mic_dma_system_processing_system7_0_0_in_context.xdc, line 147).
Applied set_property IO_BUFFER_TYPE = NONE for FIXED_IO_mio[0]. (constraint file  d:/microphone/vivado/build/mic_dma_runtime_probe_20260903/mic_dma.srcs/sources_1/bd/mic_dma_system/ip/mic_dma_system_processing_system7_0_0/mic_dma_system_processing_system7_0_0/mic_dma_system_processing_system7_0_0_in_context.xdc, line 148).
Applied set_property CLOCK_BUFFER_TYPE = NONE for FIXED_IO_mio[0]. (constraint file  d:/microphone/vivado/build/mic_dma_runtime_probe_20260903/mic_dma.srcs/sources_1/bd/mic_dma_system/ip/mic_dma_system_processing_system7_0_0/mic_dma_system_processing_system7_0_0/mic_dma_system_processing_system7_0_0_in_context.xdc, line 149).
Applied set_property IO_BUFFER_TYPE = NONE for FIXED_IO_mio[10]. (constraint file  d:/microphone/vivado/build/mic_dma_runtime_probe_20260903/mic_dma.srcs/sources_1/bd/mic_dma_system/ip/mic_dma_system_processing_system7_0_0/mic_dma_system_processing_system7_0_0/mic_dma_system_processing_system7_0_0_in_context.xdc, line 150).
Applied set_property CLOCK_BUFFER_TYPE = NONE for FIXED_IO_mio[10]. (constraint file  d:/microphone/vivado/build/mic_dma_runtime_probe_20260903/mic_dma.srcs/sources_1/bd/mic_dma_system/ip/mic_dma_system_processing_system7_0_0/mic_dma_system_processing_system7_0_0/mic_dma_system_processing_system7_0_0_in_context.xdc, line 151).
Applied set_property IO_BUFFER_TYPE = NONE for FIXED_IO_mio[11]. (constraint file  d:/microphone/vivado/build/mic_dma_runtime_probe_20260903/mic_dma.srcs/sources_1/bd/mic_dma_system/ip/mic_dma_system_processing_system7_0_0/mic_dma_system_processing_system7_0_0/mic_dma_system_processing_system7_0_0_in_context.xdc, line 152).
Applied set_property CLOCK_BUFFER_TYPE = NONE for FIXED_IO_mio[11]. (constraint file  d:/microphone/vivado/build/mic_dma_runtime_probe_20260903/mic_dma.srcs/sources_1/bd/mic_dma_system/ip/mic_dma_system_processing_system7_0_0/mic_dma_system_processing_system7_0_0/mic_dma_system_processing_system7_0_0_in_context.xdc, line 153).
Applied set_property IO_BUFFER_TYPE = NONE for FIXED_IO_mio[12]. (constraint file  d:/microphone/vivado/build/mic_dma_runtime_probe_20260903/mic_dma.srcs/sources_1/bd/mic_dma_system/ip/mic_dma_system_processing_system7_0_0/mic_dma_system_processing_system7_0_0/mic_dma_system_processing_system7_0_0_in_context.xdc, line 154).
Applied set_property CLOCK_BUFFER_TYPE = NONE for FIXED_IO_mio[12]. (constraint file  d:/microphone/vivado/build/mic_dma_runtime_probe_20260903/mic_dma.srcs/sources_1/bd/mic_dma_system/ip/mic_dma_system_processing_system7_0_0/mic_dma_system_processing_system7_0_0/mic_dma_system_processing_system7_0_0_in_context.xdc, line 155).
Applied set_property IO_BUFFER_TYPE = NONE for FIXED_IO_mio[13]. (constraint file  d:/microphone/vivado/build/mic_dma_runtime_probe_20260903/mic_dma.srcs/sources_1/bd/mic_dma_system/ip/mic_dma_system_processing_system7_0_0/mic_dma_system_processing_system7_0_0/mic_dma_system_processing_system7_0_0_in_context.xdc, line 156).
Applied set_property CLOCK_BUFFER_TYPE = NONE for FIXED_IO_mio[13]. (constraint file  d:/microphone/vivado/build/mic_dma_runtime_probe_20260903/mic_dma.srcs/sources_1/bd/mic_dma_system/ip/mic_dma_system_processing_system7_0_0/mic_dma_system_processing_system7_0_0/mic_dma_system_processing_system7_0_0_in_context.xdc, line 157).
Applied set_property IO_BUFFER_TYPE = NONE for FIXED_IO_mio[14]. (constraint file  d:/microphone/vivado/build/mic_dma_runtime_probe_20260903/mic_dma.srcs/sources_1/bd/mic_dma_system/ip/mic_dma_system_processing_system7_0_0/mic_dma_system_processing_system7_0_0/mic_dma_system_processing_system7_0_0_in_context.xdc, line 158).
Applied set_property CLOCK_BUFFER_TYPE = NONE for FIXED_IO_mio[14]. (constraint file  d:/microphone/vivado/build/mic_dma_runtime_probe_20260903/mic_dma.srcs/sources_1/bd/mic_dma_system/ip/mic_dma_system_processing_system7_0_0/mic_dma_system_processing_system7_0_0/mic_dma_system_processing_system7_0_0_in_context.xdc, line 159).
Applied set_property IO_BUFFER_TYPE = NONE for FIXED_IO_mio[15]. (constraint file  d:/microphone/vivado/build/mic_dma_runtime_probe_20260903/mic_dma.srcs/sources_1/bd/mic_dma_system/ip/mic_dma_system_processing_system7_0_0/mic_dma_system_processing_system7_0_0/mic_dma_system_processing_system7_0_0_in_context.xdc, line 160).
Applied set_property CLOCK_BUFFER_TYPE = NONE for FIXED_IO_mio[15]. (constraint file  d:/microphone/vivado/build/mic_dma_runtime_probe_20260903/mic_dma.srcs/sources_1/bd/mic_dma_system/ip/mic_dma_system_processing_system7_0_0/mic_dma_system_processing_system7_0_0/mic_dma_system_processing_system7_0_0_in_context.xdc, line 161).
Applied set_property IO_BUFFER_TYPE = NONE for FIXED_IO_mio[16]. (constraint file  d:/microphone/vivado/build/mic_dma_runtime_probe_20260903/mic_dma.srcs/sources_1/bd/mic_dma_system/ip/mic_dma_system_processing_system7_0_0/mic_dma_system_processing_system7_0_0/mic_dma_system_processing_system7_0_0_in_context.xdc, line 162).
Applied set_property CLOCK_BUFFER_TYPE = NONE for FIXED_IO_mio[16]. (constraint file  d:/microphone/vivado/build/mic_dma_runtime_probe_20260903/mic_dma.srcs/sources_1/bd/mic_dma_system/ip/mic_dma_system_processing_system7_0_0/mic_dma_system_processing_system7_0_0/mic_dma_system_processing_system7_0_0_in_context.xdc, line 163).
Applied set_property IO_BUFFER_TYPE = NONE for FIXED_IO_mio[17]. (constraint file  d:/microphone/vivado/build/mic_dma_runtime_probe_20260903/mic_dma.srcs/sources_1/bd/mic_dma_system/ip/mic_dma_system_processing_system7_0_0/mic_dma_system_processing_system7_0_0/mic_dma_system_processing_system7_0_0_in_context.xdc, line 164).
Applied set_property CLOCK_BUFFER_TYPE = NONE for FIXED_IO_mio[17]. (constraint file  d:/microphone/vivado/build/mic_dma_runtime_probe_20260903/mic_dma.srcs/sources_1/bd/mic_dma_system/ip/mic_dma_system_processing_system7_0_0/mic_dma_system_processing_system7_0_0/mic_dma_system_processing_system7_0_0_in_context.xdc, line 165).
Applied set_property IO_BUFFER_TYPE = NONE for FIXED_IO_mio[18]. (constraint file  d:/microphone/vivado/build/mic_dma_runtime_probe_20260903/mic_dma.srcs/sources_1/bd/mic_dma_system/ip/mic_dma_system_processing_system7_0_0/mic_dma_system_processing_system7_0_0/mic_dma_system_processing_system7_0_0_in_context.xdc, line 166).
Applied set_property CLOCK_BUFFER_TYPE = NONE for FIXED_IO_mio[18]. (constraint file  d:/microphone/vivado/build/mic_dma_runtime_probe_20260903/mic_dma.srcs/sources_1/bd/mic_dma_system/ip/mic_dma_system_processing_system7_0_0/mic_dma_system_processing_system7_0_0/mic_dma_system_processing_system7_0_0_in_context.xdc, line 167).
Applied set_property IO_BUFFER_TYPE = NONE for FIXED_IO_mio[19]. (constraint file  d:/microphone/vivado/build/mic_dma_runtime_probe_20260903/mic_dma.srcs/sources_1/bd/mic_dma_system/ip/mic_dma_system_processing_system7_0_0/mic_dma_system_processing_system7_0_0/mic_dma_system_processing_system7_0_0_in_context.xdc, line 168).
Applied set_property CLOCK_BUFFER_TYPE = NONE for FIXED_IO_mio[19]. (constraint file  d:/microphone/vivado/build/mic_dma_runtime_probe_20260903/mic_dma.srcs/sources_1/bd/mic_dma_system/ip/mic_dma_system_processing_system7_0_0/mic_dma_system_processing_system7_0_0/mic_dma_system_processing_system7_0_0_in_context.xdc, line 169).
Applied set_property IO_BUFFER_TYPE = NONE for FIXED_IO_mio[1]. (constraint file  d:/microphone/vivado/build/mic_dma_runtime_probe_20260903/mic_dma.srcs/sources_1/bd/mic_dma_system/ip/mic_dma_system_processing_system7_0_0/mic_dma_system_processing_system7_0_0/mic_dma_system_processing_system7_0_0_in_context.xdc, line 170).
Applied set_property CLOCK_BUFFER_TYPE = NONE for FIXED_IO_mio[1]. (constraint file  d:/microphone/vivado/build/mic_dma_runtime_probe_20260903/mic_dma.srcs/sources_1/bd/mic_dma_system/ip/mic_dma_system_processing_system7_0_0/mic_dma_system_processing_system7_0_0/mic_dma_system_processing_system7_0_0_in_context.xdc, line 171).
Applied set_property IO_BUFFER_TYPE = NONE for FIXED_IO_mio[20]. (constraint file  d:/microphone/vivado/build/mic_dma_runtime_probe_20260903/mic_dma.srcs/sources_1/bd/mic_dma_system/ip/mic_dma_system_processing_system7_0_0/mic_dma_system_processing_system7_0_0/mic_dma_system_processing_system7_0_0_in_context.xdc, line 172).
Applied set_property CLOCK_BUFFER_TYPE = NONE for FIXED_IO_mio[20]. (constraint file  d:/microphone/vivado/build/mic_dma_runtime_probe_20260903/mic_dma.srcs/sources_1/bd/mic_dma_system/ip/mic_dma_system_processing_system7_0_0/mic_dma_system_processing_system7_0_0/mic_dma_system_processing_system7_0_0_in_context.xdc, line 173).
Applied set_property IO_BUFFER_TYPE = NONE for FIXED_IO_mio[21]. (constraint file  d:/microphone/vivado/build/mic_dma_runtime_probe_20260903/mic_dma.srcs/sources_1/bd/mic_dma_system/ip/mic_dma_system_processing_system7_0_0/mic_dma_system_processing_system7_0_0/mic_dma_system_processing_system7_0_0_in_context.xdc, line 174).
Applied set_property CLOCK_BUFFER_TYPE = NONE for FIXED_IO_mio[21]. (constraint file  d:/microphone/vivado/build/mic_dma_runtime_probe_20260903/mic_dma.srcs/sources_1/bd/mic_dma_system/ip/mic_dma_system_processing_system7_0_0/mic_dma_system_processing_system7_0_0/mic_dma_system_processing_system7_0_0_in_context.xdc, line 175).
Applied set_property IO_BUFFER_TYPE = NONE for FIXED_IO_mio[22]. (constraint file  d:/microphone/vivado/build/mic_dma_runtime_probe_20260903/mic_dma.srcs/sources_1/bd/mic_dma_system/ip/mic_dma_system_processing_system7_0_0/mic_dma_system_processing_system7_0_0/mic_dma_system_processing_system7_0_0_in_context.xdc, line 176).
Applied set_property CLOCK_BUFFER_TYPE = NONE for FIXED_IO_mio[22]. (constraint file  d:/microphone/vivado/build/mic_dma_runtime_probe_20260903/mic_dma.srcs/sources_1/bd/mic_dma_system/ip/mic_dma_system_processing_system7_0_0/mic_dma_system_processing_system7_0_0/mic_dma_system_processing_system7_0_0_in_context.xdc, line 177).
Applied set_property IO_BUFFER_TYPE = NONE for FIXED_IO_mio[23]. (constraint file  d:/microphone/vivado/build/mic_dma_runtime_probe_20260903/mic_dma.srcs/sources_1/bd/mic_dma_system/ip/mic_dma_system_processing_system7_0_0/mic_dma_system_processing_system7_0_0/mic_dma_system_processing_system7_0_0_in_context.xdc, line 178).
Applied set_property CLOCK_BUFFER_TYPE = NONE for FIXED_IO_mio[23]. (constraint file  d:/microphone/vivado/build/mic_dma_runtime_probe_20260903/mic_dma.srcs/sources_1/bd/mic_dma_system/ip/mic_dma_system_processing_system7_0_0/mic_dma_system_processing_system7_0_0/mic_dma_system_processing_system7_0_0_in_context.xdc, line 179).
Applied set_property IO_BUFFER_TYPE = NONE for FIXED_IO_mio[24]. (constraint file  d:/microphone/vivado/build/mic_dma_runtime_probe_20260903/mic_dma.srcs/sources_1/bd/mic_dma_system/ip/mic_dma_system_processing_system7_0_0/mic_dma_system_processing_system7_0_0/mic_dma_system_processing_system7_0_0_in_context.xdc, line 180).
Applied set_property CLOCK_BUFFER_TYPE = NONE for FIXED_IO_mio[24]. (constraint file  d:/microphone/vivado/build/mic_dma_runtime_probe_20260903/mic_dma.srcs/sources_1/bd/mic_dma_system/ip/mic_dma_system_processing_system7_0_0/mic_dma_system_processing_system7_0_0/mic_dma_system_processing_system7_0_0_in_context.xdc, line 181).
Applied set_property IO_BUFFER_TYPE = NONE for FIXED_IO_mio[25]. (constraint file  d:/microphone/vivado/build/mic_dma_runtime_probe_20260903/mic_dma.srcs/sources_1/bd/mic_dma_system/ip/mic_dma_system_processing_system7_0_0/mic_dma_system_processing_system7_0_0/mic_dma_system_processing_system7_0_0_in_context.xdc, line 182).
Applied set_property CLOCK_BUFFER_TYPE = NONE for FIXED_IO_mio[25]. (constraint file  d:/microphone/vivado/build/mic_dma_runtime_probe_20260903/mic_dma.srcs/sources_1/bd/mic_dma_system/ip/mic_dma_system_processing_system7_0_0/mic_dma_system_processing_system7_0_0/mic_dma_system_processing_system7_0_0_in_context.xdc, line 183).
Applied set_property IO_BUFFER_TYPE = NONE for FIXED_IO_mio[26]. (constraint file  d:/microphone/vivado/build/mic_dma_runtime_probe_20260903/mic_dma.srcs/sources_1/bd/mic_dma_system/ip/mic_dma_system_processing_system7_0_0/mic_dma_system_processing_system7_0_0/mic_dma_system_processing_system7_0_0_in_context.xdc, line 184).
Applied set_property CLOCK_BUFFER_TYPE = NONE for FIXED_IO_mio[26]. (constraint file  d:/microphone/vivado/build/mic_dma_runtime_probe_20260903/mic_dma.srcs/sources_1/bd/mic_dma_system/ip/mic_dma_system_processing_system7_0_0/mic_dma_system_processing_system7_0_0/mic_dma_system_processing_system7_0_0_in_context.xdc, line 185).
Applied set_property IO_BUFFER_TYPE = NONE for FIXED_IO_mio[27]. (constraint file  d:/microphone/vivado/build/mic_dma_runtime_probe_20260903/mic_dma.srcs/sources_1/bd/mic_dma_system/ip/mic_dma_system_processing_system7_0_0/mic_dma_system_processing_system7_0_0/mic_dma_system_processing_system7_0_0_in_context.xdc, line 186).
Applied set_property CLOCK_BUFFER_TYPE = NONE for FIXED_IO_mio[27]. (constraint file  d:/microphone/vivado/build/mic_dma_runtime_probe_20260903/mic_dma.srcs/sources_1/bd/mic_dma_system/ip/mic_dma_system_processing_system7_0_0/mic_dma_system_processing_system7_0_0/mic_dma_system_processing_system7_0_0_in_context.xdc, line 187).
Applied set_property IO_BUFFER_TYPE = NONE for FIXED_IO_mio[28]. (constraint file  d:/microphone/vivado/build/mic_dma_runtime_probe_20260903/mic_dma.srcs/sources_1/bd/mic_dma_system/ip/mic_dma_system_processing_system7_0_0/mic_dma_system_processing_system7_0_0/mic_dma_system_processing_system7_0_0_in_context.xdc, line 188).
Applied set_property CLOCK_BUFFER_TYPE = NONE for FIXED_IO_mio[28]. (constraint file  d:/microphone/vivado/build/mic_dma_runtime_probe_20260903/mic_dma.srcs/sources_1/bd/mic_dma_system/ip/mic_dma_system_processing_system7_0_0/mic_dma_system_processing_system7_0_0/mic_dma_system_processing_system7_0_0_in_context.xdc, line 189).
Applied set_property IO_BUFFER_TYPE = NONE for FIXED_IO_mio[29]. (constraint file  d:/microphone/vivado/build/mic_dma_runtime_probe_20260903/mic_dma.srcs/sources_1/bd/mic_dma_system/ip/mic_dma_system_processing_system7_0_0/mic_dma_system_processing_system7_0_0/mic_dma_system_processing_system7_0_0_in_context.xdc, line 190).
Applied set_property CLOCK_BUFFER_TYPE = NONE for FIXED_IO_mio[29]. (constraint file  d:/microphone/vivado/build/mic_dma_runtime_probe_20260903/mic_dma.srcs/sources_1/bd/mic_dma_system/ip/mic_dma_system_processing_system7_0_0/mic_dma_system_processing_system7_0_0/mic_dma_system_processing_system7_0_0_in_context.xdc, line 191).
Applied set_property IO_BUFFER_TYPE = NONE for FIXED_IO_mio[2]. (constraint file  d:/microphone/vivado/build/mic_dma_runtime_probe_20260903/mic_dma.srcs/sources_1/bd/mic_dma_system/ip/mic_dma_system_processing_system7_0_0/mic_dma_system_processing_system7_0_0/mic_dma_system_processing_system7_0_0_in_context.xdc, line 192).
Applied set_property CLOCK_BUFFER_TYPE = NONE for FIXED_IO_mio[2]. (constraint file  d:/microphone/vivado/build/mic_dma_runtime_probe_20260903/mic_dma.srcs/sources_1/bd/mic_dma_system/ip/mic_dma_system_processing_system7_0_0/mic_dma_system_processing_system7_0_0/mic_dma_system_processing_system7_0_0_in_context.xdc, line 193).
Applied set_property IO_BUFFER_TYPE = NONE for FIXED_IO_mio[30]. (constraint file  d:/microphone/vivado/build/mic_dma_runtime_probe_20260903/mic_dma.srcs/sources_1/bd/mic_dma_system/ip/mic_dma_system_processing_system7_0_0/mic_dma_system_processing_system7_0_0/mic_dma_system_processing_system7_0_0_in_context.xdc, line 194).
Applied set_property CLOCK_BUFFER_TYPE = NONE for FIXED_IO_mio[30]. (constraint file  d:/microphone/vivado/build/mic_dma_runtime_probe_20260903/mic_dma.srcs/sources_1/bd/mic_dma_system/ip/mic_dma_system_processing_system7_0_0/mic_dma_system_processing_system7_0_0/mic_dma_system_processing_system7_0_0_in_context.xdc, line 195).
Applied set_property IO_BUFFER_TYPE = NONE for FIXED_IO_mio[31]. (constraint file  d:/microphone/vivado/build/mic_dma_runtime_probe_20260903/mic_dma.srcs/sources_1/bd/mic_dma_system/ip/mic_dma_system_processing_system7_0_0/mic_dma_system_processing_system7_0_0/mic_dma_system_processing_system7_0_0_in_context.xdc, line 196).
Applied set_property CLOCK_BUFFER_TYPE = NONE for FIXED_IO_mio[31]. (constraint file  d:/microphone/vivado/build/mic_dma_runtime_probe_20260903/mic_dma.srcs/sources_1/bd/mic_dma_system/ip/mic_dma_system_processing_system7_0_0/mic_dma_system_processing_system7_0_0/mic_dma_system_processing_system7_0_0_in_context.xdc, line 197).
Applied set_property IO_BUFFER_TYPE = NONE for FIXED_IO_mio[32]. (constraint file  d:/microphone/vivado/build/mic_dma_runtime_probe_20260903/mic_dma.srcs/sources_1/bd/mic_dma_system/ip/mic_dma_system_processing_system7_0_0/mic_dma_system_processing_system7_0_0/mic_dma_system_processing_system7_0_0_in_context.xdc, line 198).
Applied set_property CLOCK_BUFFER_TYPE = NONE for FIXED_IO_mio[32]. (constraint file  d:/microphone/vivado/build/mic_dma_runtime_probe_20260903/mic_dma.srcs/sources_1/bd/mic_dma_system/ip/mic_dma_system_processing_system7_0_0/mic_dma_system_processing_system7_0_0/mic_dma_system_processing_system7_0_0_in_context.xdc, line 199).
Applied set_property IO_BUFFER_TYPE = NONE for FIXED_IO_mio[33]. (constraint file  d:/microphone/vivado/build/mic_dma_runtime_probe_20260903/mic_dma.srcs/sources_1/bd/mic_dma_system/ip/mic_dma_system_processing_system7_0_0/mic_dma_system_processing_system7_0_0/mic_dma_system_processing_system7_0_0_in_context.xdc, line 200).
Applied set_property CLOCK_BUFFER_TYPE = NONE for FIXED_IO_mio[33]. (constraint file  d:/microphone/vivado/build/mic_dma_runtime_probe_20260903/mic_dma.srcs/sources_1/bd/mic_dma_system/ip/mic_dma_system_processing_system7_0_0/mic_dma_system_processing_system7_0_0/mic_dma_system_processing_system7_0_0_in_context.xdc, line 201).
Applied set_property IO_BUFFER_TYPE = NONE for FIXED_IO_mio[34]. (constraint file  d:/microphone/vivado/build/mic_dma_runtime_probe_20260903/mic_dma.srcs/sources_1/bd/mic_dma_system/ip/mic_dma_system_processing_system7_0_0/mic_dma_system_processing_system7_0_0/mic_dma_system_processing_system7_0_0_in_context.xdc, line 202).
Applied set_property CLOCK_BUFFER_TYPE = NONE for FIXED_IO_mio[34]. (constraint file  d:/microphone/vivado/build/mic_dma_runtime_probe_20260903/mic_dma.srcs/sources_1/bd/mic_dma_system/ip/mic_dma_system_processing_system7_0_0/mic_dma_system_processing_system7_0_0/mic_dma_system_processing_system7_0_0_in_context.xdc, line 203).
Applied set_property IO_BUFFER_TYPE = NONE for FIXED_IO_mio[35]. (constraint file  d:/microphone/vivado/build/mic_dma_runtime_probe_20260903/mic_dma.srcs/sources_1/bd/mic_dma_system/ip/mic_dma_system_processing_system7_0_0/mic_dma_system_processing_system7_0_0/mic_dma_system_processing_system7_0_0_in_context.xdc, line 204).
Applied set_property CLOCK_BUFFER_TYPE = NONE for FIXED_IO_mio[35]. (constraint file  d:/microphone/vivado/build/mic_dma_runtime_probe_20260903/mic_dma.srcs/sources_1/bd/mic_dma_system/ip/mic_dma_system_processing_system7_0_0/mic_dma_system_processing_system7_0_0/mic_dma_system_processing_system7_0_0_in_context.xdc, line 205).
Applied set_property IO_BUFFER_TYPE = NONE for FIXED_IO_mio[36]. (constraint file  d:/microphone/vivado/build/mic_dma_runtime_probe_20260903/mic_dma.srcs/sources_1/bd/mic_dma_system/ip/mic_dma_system_processing_system7_0_0/mic_dma_system_processing_system7_0_0/mic_dma_system_processing_system7_0_0_in_context.xdc, line 206).
Applied set_property CLOCK_BUFFER_TYPE = NONE for FIXED_IO_mio[36]. (constraint file  d:/microphone/vivado/build/mic_dma_runtime_probe_20260903/mic_dma.srcs/sources_1/bd/mic_dma_system/ip/mic_dma_system_processing_system7_0_0/mic_dma_system_processing_system7_0_0/mic_dma_system_processing_system7_0_0_in_context.xdc, line 207).
Applied set_property IO_BUFFER_TYPE = NONE for FIXED_IO_mio[37]. (constraint file  d:/microphone/vivado/build/mic_dma_runtime_probe_20260903/mic_dma.srcs/sources_1/bd/mic_dma_system/ip/mic_dma_system_processing_system7_0_0/mic_dma_system_processing_system7_0_0/mic_dma_system_processing_system7_0_0_in_context.xdc, line 208).
Applied set_property CLOCK_BUFFER_TYPE = NONE for FIXED_IO_mio[37]. (constraint file  d:/microphone/vivado/build/mic_dma_runtime_probe_20260903/mic_dma.srcs/sources_1/bd/mic_dma_system/ip/mic_dma_system_processing_system7_0_0/mic_dma_system_processing_system7_0_0/mic_dma_system_processing_system7_0_0_in_context.xdc, line 209).
Applied set_property IO_BUFFER_TYPE = NONE for FIXED_IO_mio[38]. (constraint file  d:/microphone/vivado/build/mic_dma_runtime_probe_20260903/mic_dma.srcs/sources_1/bd/mic_dma_system/ip/mic_dma_system_processing_system7_0_0/mic_dma_system_processing_system7_0_0/mic_dma_system_processing_system7_0_0_in_context.xdc, line 210).
Applied set_property CLOCK_BUFFER_TYPE = NONE for FIXED_IO_mio[38]. (constraint file  d:/microphone/vivado/build/mic_dma_runtime_probe_20260903/mic_dma.srcs/sources_1/bd/mic_dma_system/ip/mic_dma_system_processing_system7_0_0/mic_dma_system_processing_system7_0_0/mic_dma_system_processing_system7_0_0_in_context.xdc, line 211).
Applied set_property IO_BUFFER_TYPE = NONE for FIXED_IO_mio[39]. (constraint file  d:/microphone/vivado/build/mic_dma_runtime_probe_20260903/mic_dma.srcs/sources_1/bd/mic_dma_system/ip/mic_dma_system_processing_system7_0_0/mic_dma_system_processing_system7_0_0/mic_dma_system_processing_system7_0_0_in_context.xdc, line 212).
Applied set_property CLOCK_BUFFER_TYPE = NONE for FIXED_IO_mio[39]. (constraint file  d:/microphone/vivado/build/mic_dma_runtime_probe_20260903/mic_dma.srcs/sources_1/bd/mic_dma_system/ip/mic_dma_system_processing_system7_0_0/mic_dma_system_processing_system7_0_0/mic_dma_system_processing_system7_0_0_in_context.xdc, line 213).
Applied set_property IO_BUFFER_TYPE = NONE for FIXED_IO_mio[3]. (constraint file  d:/microphone/vivado/build/mic_dma_runtime_probe_20260903/mic_dma.srcs/sources_1/bd/mic_dma_system/ip/mic_dma_system_processing_system7_0_0/mic_dma_system_processing_system7_0_0/mic_dma_system_processing_system7_0_0_in_context.xdc, line 214).
Applied set_property CLOCK_BUFFER_TYPE = NONE for FIXED_IO_mio[3]. (constraint file  d:/microphone/vivado/build/mic_dma_runtime_probe_20260903/mic_dma.srcs/sources_1/bd/mic_dma_system/ip/mic_dma_system_processing_system7_0_0/mic_dma_system_processing_system7_0_0/mic_dma_system_processing_system7_0_0_in_context.xdc, line 215).
Applied set_property IO_BUFFER_TYPE = NONE for FIXED_IO_mio[40]. (constraint file  d:/microphone/vivado/build/mic_dma_runtime_probe_20260903/mic_dma.srcs/sources_1/bd/mic_dma_system/ip/mic_dma_system_processing_system7_0_0/mic_dma_system_processing_system7_0_0/mic_dma_system_processing_system7_0_0_in_context.xdc, line 216).
Applied set_property CLOCK_BUFFER_TYPE = NONE for FIXED_IO_mio[40]. (constraint file  d:/microphone/vivado/build/mic_dma_runtime_probe_20260903/mic_dma.srcs/sources_1/bd/mic_dma_system/ip/mic_dma_system_processing_system7_0_0/mic_dma_system_processing_system7_0_0/mic_dma_system_processing_system7_0_0_in_context.xdc, line 217).
Applied set_property IO_BUFFER_TYPE = NONE for FIXED_IO_mio[41]. (constraint file  d:/microphone/vivado/build/mic_dma_runtime_probe_20260903/mic_dma.srcs/sources_1/bd/mic_dma_system/ip/mic_dma_system_processing_system7_0_0/mic_dma_system_processing_system7_0_0/mic_dma_system_processing_system7_0_0_in_context.xdc, line 218).
Applied set_property CLOCK_BUFFER_TYPE = NONE for FIXED_IO_mio[41]. (constraint file  d:/microphone/vivado/build/mic_dma_runtime_probe_20260903/mic_dma.srcs/sources_1/bd/mic_dma_system/ip/mic_dma_system_processing_system7_0_0/mic_dma_system_processing_system7_0_0/mic_dma_system_processing_system7_0_0_in_context.xdc, line 219).
Applied set_property IO_BUFFER_TYPE = NONE for FIXED_IO_mio[42]. (constraint file  d:/microphone/vivado/build/mic_dma_runtime_probe_20260903/mic_dma.srcs/sources_1/bd/mic_dma_system/ip/mic_dma_system_processing_system7_0_0/mic_dma_system_processing_system7_0_0/mic_dma_system_processing_system7_0_0_in_context.xdc, line 220).
Applied set_property CLOCK_BUFFER_TYPE = NONE for FIXED_IO_mio[42]. (constraint file  d:/microphone/vivado/build/mic_dma_runtime_probe_20260903/mic_dma.srcs/sources_1/bd/mic_dma_system/ip/mic_dma_system_processing_system7_0_0/mic_dma_system_processing_system7_0_0/mic_dma_system_processing_system7_0_0_in_context.xdc, line 221).
Applied set_property IO_BUFFER_TYPE = NONE for FIXED_IO_mio[43]. (constraint file  d:/microphone/vivado/build/mic_dma_runtime_probe_20260903/mic_dma.srcs/sources_1/bd/mic_dma_system/ip/mic_dma_system_processing_system7_0_0/mic_dma_system_processing_system7_0_0/mic_dma_system_processing_system7_0_0_in_context.xdc, line 222).
Applied set_property CLOCK_BUFFER_TYPE = NONE for FIXED_IO_mio[43]. (constraint file  d:/microphone/vivado/build/mic_dma_runtime_probe_20260903/mic_dma.srcs/sources_1/bd/mic_dma_system/ip/mic_dma_system_processing_system7_0_0/mic_dma_system_processing_system7_0_0/mic_dma_system_processing_system7_0_0_in_context.xdc, line 223).
Applied set_property IO_BUFFER_TYPE = NONE for FIXED_IO_mio[44]. (constraint file  d:/microphone/vivado/build/mic_dma_runtime_probe_20260903/mic_dma.srcs/sources_1/bd/mic_dma_system/ip/mic_dma_system_processing_system7_0_0/mic_dma_system_processing_system7_0_0/mic_dma_system_processing_system7_0_0_in_context.xdc, line 224).
Applied set_property CLOCK_BUFFER_TYPE = NONE for FIXED_IO_mio[44]. (constraint file  d:/microphone/vivado/build/mic_dma_runtime_probe_20260903/mic_dma.srcs/sources_1/bd/mic_dma_system/ip/mic_dma_system_processing_system7_0_0/mic_dma_system_processing_system7_0_0/mic_dma_system_processing_system7_0_0_in_context.xdc, line 225).
Applied set_property IO_BUFFER_TYPE = NONE for FIXED_IO_mio[45]. (constraint file  d:/microphone/vivado/build/mic_dma_runtime_probe_20260903/mic_dma.srcs/sources_1/bd/mic_dma_system/ip/mic_dma_system_processing_system7_0_0/mic_dma_system_processing_system7_0_0/mic_dma_system_processing_system7_0_0_in_context.xdc, line 226).
Applied set_property CLOCK_BUFFER_TYPE = NONE for FIXED_IO_mio[45]. (constraint file  d:/microphone/vivado/build/mic_dma_runtime_probe_20260903/mic_dma.srcs/sources_1/bd/mic_dma_system/ip/mic_dma_system_processing_system7_0_0/mic_dma_system_processing_system7_0_0/mic_dma_system_processing_system7_0_0_in_context.xdc, line 227).
Applied set_property IO_BUFFER_TYPE = NONE for FIXED_IO_mio[46]. (constraint file  d:/microphone/vivado/build/mic_dma_runtime_probe_20260903/mic_dma.srcs/sources_1/bd/mic_dma_system/ip/mic_dma_system_processing_system7_0_0/mic_dma_system_processing_system7_0_0/mic_dma_system_processing_system7_0_0_in_context.xdc, line 228).
Applied set_property CLOCK_BUFFER_TYPE = NONE for FIXED_IO_mio[46]. (constraint file  d:/microphone/vivado/build/mic_dma_runtime_probe_20260903/mic_dma.srcs/sources_1/bd/mic_dma_system/ip/mic_dma_system_processing_system7_0_0/mic_dma_system_processing_system7_0_0/mic_dma_system_processing_system7_0_0_in_context.xdc, line 229).
Applied set_property IO_BUFFER_TYPE = NONE for FIXED_IO_mio[47]. (constraint file  d:/microphone/vivado/build/mic_dma_runtime_probe_20260903/mic_dma.srcs/sources_1/bd/mic_dma_system/ip/mic_dma_system_processing_system7_0_0/mic_dma_system_processing_system7_0_0/mic_dma_system_processing_system7_0_0_in_context.xdc, line 230).
Applied set_property CLOCK_BUFFER_TYPE = NONE for FIXED_IO_mio[47]. (constraint file  d:/microphone/vivado/build/mic_dma_runtime_probe_20260903/mic_dma.srcs/sources_1/bd/mic_dma_system/ip/mic_dma_system_processing_system7_0_0/mic_dma_system_processing_system7_0_0/mic_dma_system_processing_system7_0_0_in_context.xdc, line 231).
Applied set_property IO_BUFFER_TYPE = NONE for FIXED_IO_mio[48]. (constraint file  d:/microphone/vivado/build/mic_dma_runtime_probe_20260903/mic_dma.srcs/sources_1/bd/mic_dma_system/ip/mic_dma_system_processing_system7_0_0/mic_dma_system_processing_system7_0_0/mic_dma_system_processing_system7_0_0_in_context.xdc, line 232).
Applied set_property CLOCK_BUFFER_TYPE = NONE for FIXED_IO_mio[48]. (constraint file  d:/microphone/vivado/build/mic_dma_runtime_probe_20260903/mic_dma.srcs/sources_1/bd/mic_dma_system/ip/mic_dma_system_processing_system7_0_0/mic_dma_system_processing_system7_0_0/mic_dma_system_processing_system7_0_0_in_context.xdc, line 233).
Applied set_property IO_BUFFER_TYPE = NONE for FIXED_IO_mio[49]. (constraint file  d:/microphone/vivado/build/mic_dma_runtime_probe_20260903/mic_dma.srcs/sources_1/bd/mic_dma_system/ip/mic_dma_system_processing_system7_0_0/mic_dma_system_processing_system7_0_0/mic_dma_system_processing_system7_0_0_in_context.xdc, line 234).
Applied set_property CLOCK_BUFFER_TYPE = NONE for FIXED_IO_mio[49]. (constraint file  d:/microphone/vivado/build/mic_dma_runtime_probe_20260903/mic_dma.srcs/sources_1/bd/mic_dma_system/ip/mic_dma_system_processing_system7_0_0/mic_dma_system_processing_system7_0_0/mic_dma_system_processing_system7_0_0_in_context.xdc, line 235).
Applied set_property IO_BUFFER_TYPE = NONE for FIXED_IO_mio[4]. (constraint file  d:/microphone/vivado/build/mic_dma_runtime_probe_20260903/mic_dma.srcs/sources_1/bd/mic_dma_system/ip/mic_dma_system_processing_system7_0_0/mic_dma_system_processing_system7_0_0/mic_dma_system_processing_system7_0_0_in_context.xdc, line 236).
Applied set_property CLOCK_BUFFER_TYPE = NONE for FIXED_IO_mio[4]. (constraint file  d:/microphone/vivado/build/mic_dma_runtime_probe_20260903/mic_dma.srcs/sources_1/bd/mic_dma_system/ip/mic_dma_system_processing_system7_0_0/mic_dma_system_processing_system7_0_0/mic_dma_system_processing_system7_0_0_in_context.xdc, line 237).
Applied set_property IO_BUFFER_TYPE = NONE for FIXED_IO_mio[50]. (constraint file  d:/microphone/vivado/build/mic_dma_runtime_probe_20260903/mic_dma.srcs/sources_1/bd/mic_dma_system/ip/mic_dma_system_processing_system7_0_0/mic_dma_system_processing_system7_0_0/mic_dma_system_processing_system7_0_0_in_context.xdc, line 238).
Applied set_property CLOCK_BUFFER_TYPE = NONE for FIXED_IO_mio[50]. (constraint file  d:/microphone/vivado/build/mic_dma_runtime_probe_20260903/mic_dma.srcs/sources_1/bd/mic_dma_system/ip/mic_dma_system_processing_system7_0_0/mic_dma_system_processing_system7_0_0/mic_dma_system_processing_system7_0_0_in_context.xdc, line 239).
Applied set_property IO_BUFFER_TYPE = NONE for FIXED_IO_mio[51]. (constraint file  d:/microphone/vivado/build/mic_dma_runtime_probe_20260903/mic_dma.srcs/sources_1/bd/mic_dma_system/ip/mic_dma_system_processing_system7_0_0/mic_dma_system_processing_system7_0_0/mic_dma_system_processing_system7_0_0_in_context.xdc, line 240).
Applied set_property CLOCK_BUFFER_TYPE = NONE for FIXED_IO_mio[51]. (constraint file  d:/microphone/vivado/build/mic_dma_runtime_probe_20260903/mic_dma.srcs/sources_1/bd/mic_dma_system/ip/mic_dma_system_processing_system7_0_0/mic_dma_system_processing_system7_0_0/mic_dma_system_processing_system7_0_0_in_context.xdc, line 241).
Applied set_property IO_BUFFER_TYPE = NONE for FIXED_IO_mio[52]. (constraint file  d:/microphone/vivado/build/mic_dma_runtime_probe_20260903/mic_dma.srcs/sources_1/bd/mic_dma_system/ip/mic_dma_system_processing_system7_0_0/mic_dma_system_processing_system7_0_0/mic_dma_system_processing_system7_0_0_in_context.xdc, line 242).
Applied set_property CLOCK_BUFFER_TYPE = NONE for FIXED_IO_mio[52]. (constraint file  d:/microphone/vivado/build/mic_dma_runtime_probe_20260903/mic_dma.srcs/sources_1/bd/mic_dma_system/ip/mic_dma_system_processing_system7_0_0/mic_dma_system_processing_system7_0_0/mic_dma_system_processing_system7_0_0_in_context.xdc, line 243).
Applied set_property IO_BUFFER_TYPE = NONE for FIXED_IO_mio[53]. (constraint file  d:/microphone/vivado/build/mic_dma_runtime_probe_20260903/mic_dma.srcs/sources_1/bd/mic_dma_system/ip/mic_dma_system_processing_system7_0_0/mic_dma_system_processing_system7_0_0/mic_dma_system_processing_system7_0_0_in_context.xdc, line 244).
Applied set_property CLOCK_BUFFER_TYPE = NONE for FIXED_IO_mio[53]. (constraint file  d:/microphone/vivado/build/mic_dma_runtime_probe_20260903/mic_dma.srcs/sources_1/bd/mic_dma_system/ip/mic_dma_system_processing_system7_0_0/mic_dma_system_processing_system7_0_0/mic_dma_system_processing_system7_0_0_in_context.xdc, line 245).
Applied set_property IO_BUFFER_TYPE = NONE for FIXED_IO_mio[5]. (constraint file  d:/microphone/vivado/build/mic_dma_runtime_probe_20260903/mic_dma.srcs/sources_1/bd/mic_dma_system/ip/mic_dma_system_processing_system7_0_0/mic_dma_system_processing_system7_0_0/mic_dma_system_processing_system7_0_0_in_context.xdc, line 246).
Applied set_property CLOCK_BUFFER_TYPE = NONE for FIXED_IO_mio[5]. (constraint file  d:/microphone/vivado/build/mic_dma_runtime_probe_20260903/mic_dma.srcs/sources_1/bd/mic_dma_system/ip/mic_dma_system_processing_system7_0_0/mic_dma_system_processing_system7_0_0/mic_dma_system_processing_system7_0_0_in_context.xdc, line 247).
Applied set_property IO_BUFFER_TYPE = NONE for FIXED_IO_mio[6]. (constraint file  d:/microphone/vivado/build/mic_dma_runtime_probe_20260903/mic_dma.srcs/sources_1/bd/mic_dma_system/ip/mic_dma_system_processing_system7_0_0/mic_dma_system_processing_system7_0_0/mic_dma_system_processing_system7_0_0_in_context.xdc, line 248).
Applied set_property CLOCK_BUFFER_TYPE = NONE for FIXED_IO_mio[6]. (constraint file  d:/microphone/vivado/build/mic_dma_runtime_probe_20260903/mic_dma.srcs/sources_1/bd/mic_dma_system/ip/mic_dma_system_processing_system7_0_0/mic_dma_system_processing_system7_0_0/mic_dma_system_processing_system7_0_0_in_context.xdc, line 249).
Applied set_property IO_BUFFER_TYPE = NONE for FIXED_IO_mio[7]. (constraint file  d:/microphone/vivado/build/mic_dma_runtime_probe_20260903/mic_dma.srcs/sources_1/bd/mic_dma_system/ip/mic_dma_system_processing_system7_0_0/mic_dma_system_processing_system7_0_0/mic_dma_system_processing_system7_0_0_in_context.xdc, line 250).
Applied set_property CLOCK_BUFFER_TYPE = NONE for FIXED_IO_mio[7]. (constraint file  d:/microphone/vivado/build/mic_dma_runtime_probe_20260903/mic_dma.srcs/sources_1/bd/mic_dma_system/ip/mic_dma_system_processing_system7_0_0/mic_dma_system_processing_system7_0_0/mic_dma_system_processing_system7_0_0_in_context.xdc, line 251).
Applied set_property IO_BUFFER_TYPE = NONE for FIXED_IO_mio[8]. (constraint file  d:/microphone/vivado/build/mic_dma_runtime_probe_20260903/mic_dma.srcs/sources_1/bd/mic_dma_system/ip/mic_dma_system_processing_system7_0_0/mic_dma_system_processing_system7_0_0/mic_dma_system_processing_system7_0_0_in_context.xdc, line 252).
Applied set_property CLOCK_BUFFER_TYPE = NONE for FIXED_IO_mio[8]. (constraint file  d:/microphone/vivado/build/mic_dma_runtime_probe_20260903/mic_dma.srcs/sources_1/bd/mic_dma_system/ip/mic_dma_system_processing_system7_0_0/mic_dma_system_processing_system7_0_0/mic_dma_system_processing_system7_0_0_in_context.xdc, line 253).
Applied set_property IO_BUFFER_TYPE = NONE for FIXED_IO_mio[9]. (constraint file  d:/microphone/vivado/build/mic_dma_runtime_probe_20260903/mic_dma.srcs/sources_1/bd/mic_dma_system/ip/mic_dma_system_processing_system7_0_0/mic_dma_system_processing_system7_0_0/mic_dma_system_processing_system7_0_0_in_context.xdc, line 254).
Applied set_property CLOCK_BUFFER_TYPE = NONE for FIXED_IO_mio[9]. (constraint file  d:/microphone/vivado/build/mic_dma_runtime_probe_20260903/mic_dma.srcs/sources_1/bd/mic_dma_system/ip/mic_dma_system_processing_system7_0_0/mic_dma_system_processing_system7_0_0/mic_dma_system_processing_system7_0_0_in_context.xdc, line 255).
Applied set_property IO_BUFFER_TYPE = NONE for FIXED_IO_ps_clk. (constraint file  d:/microphone/vivado/build/mic_dma_runtime_probe_20260903/mic_dma.srcs/sources_1/bd/mic_dma_system/ip/mic_dma_system_processing_system7_0_0/mic_dma_system_processing_system7_0_0/mic_dma_system_processing_system7_0_0_in_context.xdc, line 256).
Applied set_property CLOCK_BUFFER_TYPE = NONE for FIXED_IO_ps_clk. (constraint file  d:/microphone/vivado/build/mic_dma_runtime_probe_20260903/mic_dma.srcs/sources_1/bd/mic_dma_system/ip/mic_dma_system_processing_system7_0_0/mic_dma_system_processing_system7_0_0/mic_dma_system_processing_system7_0_0_in_context.xdc, line 257).
Applied set_property IO_BUFFER_TYPE = NONE for FIXED_IO_ps_porb. (constraint file  d:/microphone/vivado/build/mic_dma_runtime_probe_20260903/mic_dma.srcs/sources_1/bd/mic_dma_system/ip/mic_dma_system_processing_system7_0_0/mic_dma_system_processing_system7_0_0/mic_dma_system_processing_system7_0_0_in_context.xdc, line 258).
Applied set_property CLOCK_BUFFER_TYPE = NONE for FIXED_IO_ps_porb. (constraint file  d:/microphone/vivado/build/mic_dma_runtime_probe_20260903/mic_dma.srcs/sources_1/bd/mic_dma_system/ip/mic_dma_system_processing_system7_0_0/mic_dma_system_processing_system7_0_0/mic_dma_system_processing_system7_0_0_in_context.xdc, line 259).
Applied set_property IO_BUFFER_TYPE = NONE for FIXED_IO_ps_srstb. (constraint file  d:/microphone/vivado/build/mic_dma_runtime_probe_20260903/mic_dma.srcs/sources_1/bd/mic_dma_system/ip/mic_dma_system_processing_system7_0_0/mic_dma_system_processing_system7_0_0/mic_dma_system_processing_system7_0_0_in_context.xdc, line 260).
Applied set_property CLOCK_BUFFER_TYPE = NONE for FIXED_IO_ps_srstb. (constraint file  d:/microphone/vivado/build/mic_dma_runtime_probe_20260903/mic_dma.srcs/sources_1/bd/mic_dma_system/ip/mic_dma_system_processing_system7_0_0/mic_dma_system_processing_system7_0_0/mic_dma_system_processing_system7_0_0_in_context.xdc, line 261).
Applied set_property DONT_TOUCH = true for mic_dma_system_i. (constraint file  auto generated constraint, line ).
Applied set_property DONT_TOUCH = true for mic_dma_system_i/processing_system7_0. (constraint file  auto generated constraint, line ).
Applied set_property DONT_TOUCH = true for mic_dma_system_i/proc_sys_reset_0. (constraint file  auto generated constraint, line ).
Applied set_property DONT_TOUCH = true for mic_dma_system_i/resetn_inverter_0. (constraint file  auto generated constraint, line ).
Applied set_property DONT_TOUCH = true for mic_dma_system_i/gp0_control_interconnect/xbar. (constraint file  auto generated constraint, line ).
Applied set_property DONT_TOUCH = true for mic_dma_system_i/gp0_control_interconnect/s00_couplers/auto_pc. (constraint file  auto generated constraint, line ).
Applied set_property DONT_TOUCH = true for mic_dma_system_i/gp0_control_interconnect. (constraint file  auto generated constraint, line ).
Applied set_property DONT_TOUCH = true for mic_dma_system_i/hp0_memory_interconnect/s00_couplers/auto_pc. (constraint file  auto generated constraint, line ).
Applied set_property DONT_TOUCH = true for mic_dma_system_i/hp0_memory_interconnect/s00_couplers/auto_us. (constraint file  auto generated constraint, line ).
Applied set_property DONT_TOUCH = true for mic_dma_system_i/hp0_memory_interconnect. (constraint file  auto generated constraint, line ).
Applied set_property DONT_TOUCH = true for mic_dma_system_i/axi_dma_0. (constraint file  auto generated constraint, line ).
Applied set_property DONT_TOUCH = true for mic_dma_system_i/mic_dma_pipeline_0. (constraint file  auto generated constraint, line ).
Applied set_property DONT_TOUCH = true for mic_dma_system_i/ila_0. (constraint file  auto generated constraint, line ).
Applied set_property DONT_TOUCH = true for mic_dma_system_i/irq_concat. (constraint file  auto generated constraint, line ).
Applied set_property DONT_TOUCH = true for mic_dma_system_i/const_zero. (constraint file  auto generated constraint, line ).
Applied set_property DONT_TOUCH = true for mic_dma_system_i/const_one. (constraint file  auto generated constraint, line ).
Applied set_property DONT_TOUCH = true for mic_dma_system_i/axi_gpio_diag. (constraint file  auto generated constraint, line ).
Applied set_property DONT_TOUCH = true for mic_dma_system_i/pl_runtime_probe_0. (constraint file  auto generated constraint, line ).
---------------------------------------------------------------------------------
Finished applying 'set_property' XDC Constraints : Time (s): cpu = 00:00:05 ; elapsed = 00:00:06 . Memory (MB): peak = 1021.633 ; gain = 329.965
---------------------------------------------------------------------------------
---------------------------------------------------------------------------------
Finished RTL Optimization Phase 2 : Time (s): cpu = 00:00:05 ; elapsed = 00:00:06 . Memory (MB): peak = 1021.633 ; gain = 329.965
---------------------------------------------------------------------------------

Report RTL Partitions: 
+-+--------------+------------+----------+
| |RTL Partition |Replication |Instances |
+-+--------------+------------+----------+
+-+--------------+------------+----------+
---------------------------------------------------------------------------------
Start RTL Component Statistics 
---------------------------------------------------------------------------------
Detailed RTL Component Info : 
---------------------------------------------------------------------------------
Finished RTL Component Statistics 
---------------------------------------------------------------------------------
---------------------------------------------------------------------------------
Start RTL Hierarchical Component Statistics 
---------------------------------------------------------------------------------
Hierarchical RTL Component report 
---------------------------------------------------------------------------------
Finished RTL Hierarchical Component Statistics
---------------------------------------------------------------------------------
---------------------------------------------------------------------------------
Start Part Resource Summary
---------------------------------------------------------------------------------
Part Resources:
DSPs: 220 (col length:60)
BRAMs: 280 (col length: RAMB18 60 RAMB36 30)
---------------------------------------------------------------------------------
Finished Part Resource Summary
---------------------------------------------------------------------------------
---------------------------------------------------------------------------------
Start Cross Boundary and Area Optimization
---------------------------------------------------------------------------------
Warning: Parallel synthesis criteria is not met 
WARNING: [Synth 8-3331] design mic_dma_system_hp0_memory_interconnect_0 has unconnected port ACLK
WARNING: [Synth 8-3331] design mic_dma_system_hp0_memory_interconnect_0 has unconnected port ARESETN
WARNING: [Synth 8-3331] design mic_dma_system_hp0_memory_interconnect_0 has unconnected port M00_ACLK
WARNING: [Synth 8-3331] design mic_dma_system_hp0_memory_interconnect_0 has unconnected port M00_ARESETN
WARNING: [Synth 8-3331] design mic_dma_system_gp0_control_interconnect_0 has unconnected port M00_ACLK
WARNING: [Synth 8-3331] design mic_dma_system_gp0_control_interconnect_0 has unconnected port M00_ARESETN
WARNING: [Synth 8-3331] design mic_dma_system_gp0_control_interconnect_0 has unconnected port M01_ACLK
WARNING: [Synth 8-3331] design mic_dma_system_gp0_control_interconnect_0 has unconnected port M01_ARESETN
WARNING: [Synth 8-3331] design mic_dma_system_gp0_control_interconnect_0 has unconnected port S00_ACLK
WARNING: [Synth 8-3331] design mic_dma_system_gp0_control_interconnect_0 has unconnected port S00_ARESETN
---------------------------------------------------------------------------------
Finished Cross Boundary and Area Optimization : Time (s): cpu = 00:00:05 ; elapsed = 00:00:06 . Memory (MB): peak = 1021.633 ; gain = 329.965
---------------------------------------------------------------------------------

Report RTL Partitions: 
+-+--------------+------------+----------+
| |RTL Partition |Replication |Instances |
+-+--------------+------------+----------+
+-+--------------+------------+----------+
---------------------------------------------------------------------------------
Start Applying XDC Timing Constraints
---------------------------------------------------------------------------------
INFO: [Synth 8-5578] Moved timing constraint from pin 'mic_dma_system_i/processing_system7_0/FCLK_CLK0' to pin 'mic_dma_system_i/processing_system7_0/bbstub_FCLK_CLK0/O'
INFO: [Synth 8-5819] Moved 1 constraints on hierarchical pins to their respective driving/loading pins
---------------------------------------------------------------------------------
Finished Applying XDC Timing Constraints : Time (s): cpu = 00:00:09 ; elapsed = 00:00:10 . Memory (MB): peak = 1025.801 ; gain = 334.133
---------------------------------------------------------------------------------
---------------------------------------------------------------------------------
Start Timing Optimization
---------------------------------------------------------------------------------
---------------------------------------------------------------------------------
Finished Timing Optimization : Time (s): cpu = 00:00:09 ; elapsed = 00:00:10 . Memory (MB): peak = 1026.023 ; gain = 334.355
---------------------------------------------------------------------------------

Report RTL Partitions: 
+-+--------------+------------+----------+
| |RTL Partition |Replication |Instances |
+-+--------------+------------+----------+
+-+--------------+------------+----------+
---------------------------------------------------------------------------------
Start Technology Mapping
---------------------------------------------------------------------------------
---------------------------------------------------------------------------------
Finished Technology Mapping : Time (s): cpu = 00:00:09 ; elapsed = 00:00:10 . Memory (MB): peak = 1035.934 ; gain = 344.266
---------------------------------------------------------------------------------

Report RTL Partitions: 
+-+--------------+------------+----------+
| |RTL Partition |Replication |Instances |
+-+--------------+------------+----------+
+-+--------------+------------+----------+
---------------------------------------------------------------------------------
Start IO Insertion
---------------------------------------------------------------------------------
---------------------------------------------------------------------------------
Start Flattening Before IO Insertion
---------------------------------------------------------------------------------
---------------------------------------------------------------------------------
Finished Flattening Before IO Insertion
---------------------------------------------------------------------------------
---------------------------------------------------------------------------------
Start Final Netlist Cleanup
---------------------------------------------------------------------------------
---------------------------------------------------------------------------------
Finished Final Netlist Cleanup
---------------------------------------------------------------------------------
---------------------------------------------------------------------------------
Finished IO Insertion : Time (s): cpu = 00:00:10 ; elapsed = 00:00:11 . Memory (MB): peak = 1051.711 ; gain = 360.043
---------------------------------------------------------------------------------

Report Check Netlist: 
+------+------------------+-------+---------+-------+------------------+
|      |Item              |Errors |Warnings |Status |Description       |
+------+------------------+-------+---------+-------+------------------+
|1     |multi_driven_nets |      0|        0|Passed |Multi driven nets |
+------+------------------+-------+---------+-------+------------------+
---------------------------------------------------------------------------------
Start Renaming Generated Instances
---------------------------------------------------------------------------------
---------------------------------------------------------------------------------
Finished Renaming Generated Instances : Time (s): cpu = 00:00:10 ; elapsed = 00:00:11 . Memory (MB): peak = 1051.711 ; gain = 360.043
---------------------------------------------------------------------------------

Report RTL Partitions: 
+-+--------------+------------+----------+
| |RTL Partition |Replication |Instances |
+-+--------------+------------+----------+
+-+--------------+------------+----------+
---------------------------------------------------------------------------------
Start Rebuilding User Hierarchy
---------------------------------------------------------------------------------
---------------------------------------------------------------------------------
Finished Rebuilding User Hierarchy : Time (s): cpu = 00:00:10 ; elapsed = 00:00:11 . Memory (MB): peak = 1051.711 ; gain = 360.043
---------------------------------------------------------------------------------
---------------------------------------------------------------------------------
Start Renaming Generated Ports
---------------------------------------------------------------------------------
---------------------------------------------------------------------------------
Finished Renaming Generated Ports : Time (s): cpu = 00:00:10 ; elapsed = 00:00:11 . Memory (MB): peak = 1051.711 ; gain = 360.043
---------------------------------------------------------------------------------
---------------------------------------------------------------------------------
Start Handling Custom Attributes
---------------------------------------------------------------------------------
---------------------------------------------------------------------------------
Finished Handling Custom Attributes : Time (s): cpu = 00:00:10 ; elapsed = 00:00:11 . Memory (MB): peak = 1051.711 ; gain = 360.043
---------------------------------------------------------------------------------
---------------------------------------------------------------------------------
Start Renaming Generated Nets
---------------------------------------------------------------------------------
---------------------------------------------------------------------------------
Finished Renaming Generated Nets : Time (s): cpu = 00:00:10 ; elapsed = 00:00:11 . Memory (MB): peak = 1051.711 ; gain = 360.043
---------------------------------------------------------------------------------
---------------------------------------------------------------------------------
Start Writing Synthesis Report
---------------------------------------------------------------------------------

Report BlackBoxes: 
+------+--------------------------------------+----------+
|      |BlackBox name                         |Instances |
+------+--------------------------------------+----------+
|1     |mic_dma_system_xbar_0                 |         1|
|2     |mic_dma_system_auto_pc_0              |         1|
|3     |mic_dma_system_auto_pc_1              |         1|
|4     |mic_dma_system_auto_us_0              |         1|
|5     |mic_dma_system_axi_dma_0_0            |         1|
|6     |mic_dma_system_axi_gpio_diag_0        |         1|
|7     |mic_dma_system_ila_0_0                |         1|
|8     |mic_dma_system_mic_dma_pipeline_0_0   |         1|
|9     |mic_dma_system_pl_runtime_probe_0_0   |         1|
|10    |mic_dma_system_proc_sys_reset_0_0     |         1|
|11    |mic_dma_system_processing_system7_0_0 |         1|
|12    |mic_dma_system_resetn_inverter_0_0    |         1|
+------+--------------------------------------+----------+

Report Cell Usage: 
+------+--------------------------------------+------+
|      |Cell                                  |Count |
+------+--------------------------------------+------+
|1     |mic_dma_system_auto_pc_0              |     1|
|2     |mic_dma_system_auto_pc_1              |     1|
|3     |mic_dma_system_auto_us_0              |     1|
|4     |mic_dma_system_axi_dma_0_0            |     1|
|5     |mic_dma_system_axi_gpio_diag_0        |     1|
|6     |mic_dma_system_ila_0_0                |     1|
|7     |mic_dma_system_mic_dma_pipeline_0_0   |     1|
|8     |mic_dma_system_pl_runtime_probe_0_0   |     1|
|9     |mic_dma_system_proc_sys_reset_0_0     |     1|
|10    |mic_dma_system_processing_system7_0_0 |     1|
|11    |mic_dma_system_resetn_inverter_0_0    |     1|
|12    |mic_dma_system_xbar_0                 |     1|
|13    |IBUF                                  |     4|
|14    |OBUF                                  |     6|
+------+--------------------------------------+------+

Report Instance Areas: 
+------+-----------------------------+------------------------------------------+------+
|      |Instance                     |Module                                    |Cells |
+------+-----------------------------+------------------------------------------+------+
|1     |top                          |                                          |  1501|
|2     |  mic_dma_system_i           |mic_dma_system                            |  1491|
|3     |    const_one                |mic_dma_system_const_one_0                |     0|
|4     |    const_zero               |mic_dma_system_const_zero_0               |     0|
|5     |    gp0_control_interconnect |mic_dma_system_gp0_control_interconnect_0 |   440|
|6     |      s00_couplers           |s00_couplers_imp_5LNIU4                   |   177|
|7     |    hp0_memory_interconnect  |mic_dma_system_hp0_memory_interconnect_0  |   234|
|8     |      s00_couplers           |s00_couplers_imp_7BOREL                   |   234|
|9     |    irq_concat               |mic_dma_system_irq_concat_0               |     0|
+------+-----------------------------+------------------------------------------+------+
---------------------------------------------------------------------------------
Finished Writing Synthesis Report : Time (s): cpu = 00:00:10 ; elapsed = 00:00:11 . Memory (MB): peak = 1051.711 ; gain = 360.043
---------------------------------------------------------------------------------
Synthesis finished with 0 errors, 0 critical warnings and 10 warnings.
Synthesis Optimization Runtime : Time (s): cpu = 00:00:07 ; elapsed = 00:00:10 . Memory (MB): peak = 1051.711 ; gain = 278.828
Synthesis Optimization Complete : Time (s): cpu = 00:00:10 ; elapsed = 00:00:11 . Memory (MB): peak = 1051.711 ; gain = 360.043
INFO: [Project 1-571] Translating synthesized netlist
INFO: [Project 1-570] Preparing netlist for logic optimization
INFO: [Opt 31-138] Pushed 0 inverter(s) to 0 load pin(s).
Netlist sorting complete. Time (s): cpu = 00:00:00 ; elapsed = 00:00:00 . Memory (MB): peak = 1075.984 ; gain = 0.000
INFO: [Project 1-111] Unisim Transformation Summary:
No Unisim elements were transformed.

INFO: [Common 17-83] Releasing license: Synthesis
70 Infos, 67 Warnings, 0 Critical Warnings and 0 Errors encountered.
synth_design completed successfully
synth_design: Time (s): cpu = 00:00:14 ; elapsed = 00:00:16 . Memory (MB): peak = 1075.984 ; gain = 659.902
Netlist sorting complete. Time (s): cpu = 00:00:00 ; elapsed = 00:00:00 . Memory (MB): peak = 1075.984 ; gain = 0.000
WARNING: [Constraints 18-5210] No constraints selected for write.
Resolution: This message can indicate that there are no constraints for the design, or it can indicate that the used_in flags are set such that the constraints are ignored. This later case is used when running synth_design to not write synthesis constraints to the resulting checkpoint. Instead, project constraints are read when the synthesized design is opened.
INFO: [Common 17-1381] The checkpoint 'D:/microphone/vivado/build/mic_dma_runtime_probe_20260903/mic_dma.runs/synth_1/mic_dma_system_wrapper.dcp' has been generated.
INFO: [runtcl-4] Executing : report_utilization -file mic_dma_system_wrapper_utilization_synth.rpt -pb mic_dma_system_wrapper_utilization_synth.pb
INFO: [Common 17-206] Exiting Vivado at Thu Sep  3 14:04:22 2026...
[Thu Sep  3 14:04:26 2026] synth_1 finished
wait_on_run: Time (s): cpu = 00:00:01 ; elapsed = 00:05:18 . Memory (MB): peak = 802.961 ; gain = 0.000
# if {[get_property PROGRESS [get_runs synth_1]] ne "100%" ||
#     [get_property STATUS [get_runs synth_1]] ni {"synth_design Complete!" "Complete"}} {
#     error "synthesis did not complete: [get_property STATUS [get_runs synth_1]]"
# }
# open_run synth_1
Design is defaulting to impl run constrset: constrs_1
Design is defaulting to synth run part: xc7z020clg400-2
INFO: [Device 21-403] Loading part xc7z020clg400-2
INFO: [Project 1-454] Reading design checkpoint 'd:/microphone/vivado/build/mic_dma_runtime_probe_20260903/mic_dma.srcs/sources_1/bd/mic_dma_system/ip/mic_dma_system_axi_dma_0_0/mic_dma_system_axi_dma_0_0.dcp' for cell 'mic_dma_system_i/axi_dma_0'
INFO: [Project 1-454] Reading design checkpoint 'd:/microphone/vivado/build/mic_dma_runtime_probe_20260903/mic_dma.srcs/sources_1/bd/mic_dma_system/ip/mic_dma_system_axi_gpio_diag_0/mic_dma_system_axi_gpio_diag_0.dcp' for cell 'mic_dma_system_i/axi_gpio_diag'
INFO: [Project 1-454] Reading design checkpoint 'd:/microphone/vivado/build/mic_dma_runtime_probe_20260903/mic_dma.srcs/sources_1/bd/mic_dma_system/ip/mic_dma_system_ila_0_0/mic_dma_system_ila_0_0.dcp' for cell 'mic_dma_system_i/ila_0'
INFO: [Project 1-454] Reading design checkpoint 'd:/microphone/vivado/build/mic_dma_runtime_probe_20260903/mic_dma.srcs/sources_1/bd/mic_dma_system/ip/mic_dma_system_mic_dma_pipeline_0_0/mic_dma_system_mic_dma_pipeline_0_0.dcp' for cell 'mic_dma_system_i/mic_dma_pipeline_0'
INFO: [Project 1-454] Reading design checkpoint 'd:/microphone/vivado/build/mic_dma_runtime_probe_20260903/mic_dma.srcs/sources_1/bd/mic_dma_system/ip/mic_dma_system_pl_runtime_probe_0_0/mic_dma_system_pl_runtime_probe_0_0.dcp' for cell 'mic_dma_system_i/pl_runtime_probe_0'
INFO: [Project 1-454] Reading design checkpoint 'd:/microphone/vivado/build/mic_dma_runtime_probe_20260903/mic_dma.srcs/sources_1/bd/mic_dma_system/ip/mic_dma_system_proc_sys_reset_0_0/mic_dma_system_proc_sys_reset_0_0.dcp' for cell 'mic_dma_system_i/proc_sys_reset_0'
INFO: [Project 1-454] Reading design checkpoint 'd:/microphone/vivado/build/mic_dma_runtime_probe_20260903/mic_dma.srcs/sources_1/bd/mic_dma_system/ip/mic_dma_system_processing_system7_0_0/mic_dma_system_processing_system7_0_0.dcp' for cell 'mic_dma_system_i/processing_system7_0'
INFO: [Project 1-454] Reading design checkpoint 'd:/microphone/vivado/build/mic_dma_runtime_probe_20260903/mic_dma.srcs/sources_1/bd/mic_dma_system/ip/mic_dma_system_resetn_inverter_0_0/mic_dma_system_resetn_inverter_0_0.dcp' for cell 'mic_dma_system_i/resetn_inverter_0'
INFO: [Project 1-454] Reading design checkpoint 'd:/microphone/vivado/build/mic_dma_runtime_probe_20260903/mic_dma.srcs/sources_1/bd/mic_dma_system/ip/mic_dma_system_xbar_0/mic_dma_system_xbar_0.dcp' for cell 'mic_dma_system_i/gp0_control_interconnect/xbar'
INFO: [Project 1-454] Reading design checkpoint 'd:/microphone/vivado/build/mic_dma_runtime_probe_20260903/mic_dma.srcs/sources_1/bd/mic_dma_system/ip/mic_dma_system_auto_pc_0/mic_dma_system_auto_pc_0.dcp' for cell 'mic_dma_system_i/gp0_control_interconnect/s00_couplers/auto_pc'
INFO: [Project 1-454] Reading design checkpoint 'd:/microphone/vivado/build/mic_dma_runtime_probe_20260903/mic_dma.srcs/sources_1/bd/mic_dma_system/ip/mic_dma_system_auto_pc_1/mic_dma_system_auto_pc_1.dcp' for cell 'mic_dma_system_i/hp0_memory_interconnect/s00_couplers/auto_pc'
INFO: [Project 1-454] Reading design checkpoint 'd:/microphone/vivado/build/mic_dma_runtime_probe_20260903/mic_dma.srcs/sources_1/bd/mic_dma_system/ip/mic_dma_system_auto_us_0/mic_dma_system_auto_us_0.dcp' for cell 'mic_dma_system_i/hp0_memory_interconnect/s00_couplers/auto_us'
INFO: [Netlist 29-17] Analyzing 841 Unisim elements for replacement
INFO: [Netlist 29-28] Unisim Transformation completed in 0 CPU seconds
INFO: [Project 1-479] Netlist was created with Vivado 2019.1
INFO: [Project 1-570] Preparing netlist for logic optimization
INFO: [Chipscope 16-324] Core: mic_dma_system_i/ila_0 UUID: 210d5a2e-f080-5345-b6cc-4eefb996bbb7 
Parsing XDC File [d:/microphone/vivado/build/mic_dma_runtime_probe_20260903/mic_dma.srcs/sources_1/bd/mic_dma_system/ip/mic_dma_system_processing_system7_0_0/mic_dma_system_processing_system7_0_0.xdc] for cell 'mic_dma_system_i/processing_system7_0/inst'
Finished Parsing XDC File [d:/microphone/vivado/build/mic_dma_runtime_probe_20260903/mic_dma.srcs/sources_1/bd/mic_dma_system/ip/mic_dma_system_processing_system7_0_0/mic_dma_system_processing_system7_0_0.xdc] for cell 'mic_dma_system_i/processing_system7_0/inst'
Parsing XDC File [d:/microphone/vivado/build/mic_dma_runtime_probe_20260903/mic_dma.srcs/sources_1/bd/mic_dma_system/ip/mic_dma_system_proc_sys_reset_0_0/mic_dma_system_proc_sys_reset_0_0_board.xdc] for cell 'mic_dma_system_i/proc_sys_reset_0/U0'
Finished Parsing XDC File [d:/microphone/vivado/build/mic_dma_runtime_probe_20260903/mic_dma.srcs/sources_1/bd/mic_dma_system/ip/mic_dma_system_proc_sys_reset_0_0/mic_dma_system_proc_sys_reset_0_0_board.xdc] for cell 'mic_dma_system_i/proc_sys_reset_0/U0'
Parsing XDC File [d:/microphone/vivado/build/mic_dma_runtime_probe_20260903/mic_dma.srcs/sources_1/bd/mic_dma_system/ip/mic_dma_system_proc_sys_reset_0_0/mic_dma_system_proc_sys_reset_0_0.xdc] for cell 'mic_dma_system_i/proc_sys_reset_0/U0'
Finished Parsing XDC File [d:/microphone/vivado/build/mic_dma_runtime_probe_20260903/mic_dma.srcs/sources_1/bd/mic_dma_system/ip/mic_dma_system_proc_sys_reset_0_0/mic_dma_system_proc_sys_reset_0_0.xdc] for cell 'mic_dma_system_i/proc_sys_reset_0/U0'
Parsing XDC File [d:/microphone/vivado/build/mic_dma_runtime_probe_20260903/mic_dma.srcs/sources_1/bd/mic_dma_system/ip/mic_dma_system_axi_dma_0_0/mic_dma_system_axi_dma_0_0.xdc] for cell 'mic_dma_system_i/axi_dma_0/U0'
WARNING: [Vivado_Tcl 4-921] Waiver ID 'CDC-1' -to list should not be empty. [d:/microphone/vivado/build/mic_dma_runtime_probe_20260903/mic_dma.srcs/sources_1/bd/mic_dma_system/ip/mic_dma_system_axi_dma_0_0/mic_dma_system_axi_dma_0_0.xdc:52]
WARNING: [Vivado_Tcl 4-921] Waiver ID 'CDC-1' -to list should not be empty. [d:/microphone/vivado/build/mic_dma_runtime_probe_20260903/mic_dma.srcs/sources_1/bd/mic_dma_system/ip/mic_dma_system_axi_dma_0_0/mic_dma_system_axi_dma_0_0.xdc:56]
WARNING: [Vivado_Tcl 4-919] Waiver ID 'CDC-1' -from list should not be empty. [d:/microphone/vivado/build/mic_dma_runtime_probe_20260903/mic_dma.srcs/sources_1/bd/mic_dma_system/ip/mic_dma_system_axi_dma_0_0/mic_dma_system_axi_dma_0_0.xdc:61]
Finished Parsing XDC File [d:/microphone/vivado/build/mic_dma_runtime_probe_20260903/mic_dma.srcs/sources_1/bd/mic_dma_system/ip/mic_dma_system_axi_dma_0_0/mic_dma_system_axi_dma_0_0.xdc] for cell 'mic_dma_system_i/axi_dma_0/U0'
Parsing XDC File [d:/microphone/vivado/build/mic_dma_runtime_probe_20260903/mic_dma.srcs/sources_1/bd/mic_dma_system/ip/mic_dma_system_ila_0_0/ila_v6_2/constraints/ila_impl.xdc] for cell 'mic_dma_system_i/ila_0/inst'
Finished Parsing XDC File [d:/microphone/vivado/build/mic_dma_runtime_probe_20260903/mic_dma.srcs/sources_1/bd/mic_dma_system/ip/mic_dma_system_ila_0_0/ila_v6_2/constraints/ila_impl.xdc] for cell 'mic_dma_system_i/ila_0/inst'
Parsing XDC File [d:/microphone/vivado/build/mic_dma_runtime_probe_20260903/mic_dma.srcs/sources_1/bd/mic_dma_system/ip/mic_dma_system_ila_0_0/ila_v6_2/constraints/ila.xdc] for cell 'mic_dma_system_i/ila_0/inst'
Finished Parsing XDC File [d:/microphone/vivado/build/mic_dma_runtime_probe_20260903/mic_dma.srcs/sources_1/bd/mic_dma_system/ip/mic_dma_system_ila_0_0/ila_v6_2/constraints/ila.xdc] for cell 'mic_dma_system_i/ila_0/inst'
Parsing XDC File [d:/microphone/vivado/build/mic_dma_runtime_probe_20260903/mic_dma.srcs/sources_1/bd/mic_dma_system/ip/mic_dma_system_axi_gpio_diag_0/mic_dma_system_axi_gpio_diag_0_board.xdc] for cell 'mic_dma_system_i/axi_gpio_diag/U0'
Finished Parsing XDC File [d:/microphone/vivado/build/mic_dma_runtime_probe_20260903/mic_dma.srcs/sources_1/bd/mic_dma_system/ip/mic_dma_system_axi_gpio_diag_0/mic_dma_system_axi_gpio_diag_0_board.xdc] for cell 'mic_dma_system_i/axi_gpio_diag/U0'
Parsing XDC File [d:/microphone/vivado/build/mic_dma_runtime_probe_20260903/mic_dma.srcs/sources_1/bd/mic_dma_system/ip/mic_dma_system_axi_gpio_diag_0/mic_dma_system_axi_gpio_diag_0.xdc] for cell 'mic_dma_system_i/axi_gpio_diag/U0'
Finished Parsing XDC File [d:/microphone/vivado/build/mic_dma_runtime_probe_20260903/mic_dma.srcs/sources_1/bd/mic_dma_system/ip/mic_dma_system_axi_gpio_diag_0/mic_dma_system_axi_gpio_diag_0.xdc] for cell 'mic_dma_system_i/axi_gpio_diag/U0'
Parsing XDC File [D:/microphone/vivado/lc_ai_k210_7mic.xdc]
CRITICAL WARNING: [Vivado 12-4739] set_input_delay:No valid object(s) found for '-clock [get_clocks -quiet FCLK_CLK0]'. [D:/microphone/vivado/lc_ai_k210_7mic.xdc:14]
Resolution: Check if the specified object(s) exists in the current design. If it does, ensure that the correct design hierarchy was specified for the object. If you are working with clocks, make sure create_clock was used to create the clock object before it is referenced.
CRITICAL WARNING: [Vivado 12-4739] set_input_delay:No valid object(s) found for '-clock [get_clocks -quiet FCLK_CLK0]'. [D:/microphone/vivado/lc_ai_k210_7mic.xdc:15]
Resolution: Check if the specified object(s) exists in the current design. If it does, ensure that the correct design hierarchy was specified for the object. If you are working with clocks, make sure create_clock was used to create the clock object before it is referenced.
Finished Parsing XDC File [D:/microphone/vivado/lc_ai_k210_7mic.xdc]
Parsing XDC File [D:/microphone/vivado/pl_runtime_probe.xdc]
Finished Parsing XDC File [D:/microphone/vivado/pl_runtime_probe.xdc]
Parsing XDC File [d:/microphone/vivado/build/mic_dma_runtime_probe_20260903/mic_dma.srcs/sources_1/bd/mic_dma_system/ip/mic_dma_system_auto_us_0/mic_dma_system_auto_us_0_clocks.xdc] for cell 'mic_dma_system_i/hp0_memory_interconnect/s00_couplers/auto_us/inst'
Finished Parsing XDC File [d:/microphone/vivado/build/mic_dma_runtime_probe_20260903/mic_dma.srcs/sources_1/bd/mic_dma_system/ip/mic_dma_system_auto_us_0/mic_dma_system_auto_us_0_clocks.xdc] for cell 'mic_dma_system_i/hp0_memory_interconnect/s00_couplers/auto_us/inst'
Parsing XDC File [d:/microphone/vivado/build/mic_dma_runtime_probe_20260903/mic_dma.srcs/sources_1/bd/mic_dma_system/ip/mic_dma_system_axi_dma_0_0/mic_dma_system_axi_dma_0_0_clocks.xdc] for cell 'mic_dma_system_i/axi_dma_0/U0'
Finished Parsing XDC File [d:/microphone/vivado/build/mic_dma_runtime_probe_20260903/mic_dma.srcs/sources_1/bd/mic_dma_system/ip/mic_dma_system_axi_dma_0_0/mic_dma_system_axi_dma_0_0_clocks.xdc] for cell 'mic_dma_system_i/axi_dma_0/U0'
Sourcing Tcl File [E:/vivado/Vivado/2019.1/data/ip/xpm/xpm_cdc/tcl/xpm_cdc_async_rst.tcl] for cell 'mic_dma_system_i/hp0_memory_interconnect/s00_couplers/auto_pc/inst/gen_axi4_axi3.axi3_conv_inst/USE_WRITE.write_addr_inst/USE_B_CHANNEL.cmd_b_queue/inst/fifo_gen_inst/inst_fifo_gen/gconvfifo.rf/grf.rf/rstblk/ngwrdrst.grst.g7serrst.gnsckt_wrst.rst_wr_reg2_inst'
Finished Sourcing Tcl File [E:/vivado/Vivado/2019.1/data/ip/xpm/xpm_cdc/tcl/xpm_cdc_async_rst.tcl] for cell 'mic_dma_system_i/hp0_memory_interconnect/s00_couplers/auto_pc/inst/gen_axi4_axi3.axi3_conv_inst/USE_WRITE.write_addr_inst/USE_B_CHANNEL.cmd_b_queue/inst/fifo_gen_inst/inst_fifo_gen/gconvfifo.rf/grf.rf/rstblk/ngwrdrst.grst.g7serrst.gnsckt_wrst.rst_wr_reg2_inst'
Sourcing Tcl File [E:/vivado/Vivado/2019.1/data/ip/xpm/xpm_cdc/tcl/xpm_cdc_async_rst.tcl] for cell 'mic_dma_system_i/hp0_memory_interconnect/s00_couplers/auto_pc/inst/gen_axi4_axi3.axi3_conv_inst/USE_WRITE.write_addr_inst/USE_BURSTS.cmd_queue/inst/fifo_gen_inst/inst_fifo_gen/gconvfifo.rf/grf.rf/rstblk/ngwrdrst.grst.g7serrst.gnsckt_wrst.rst_wr_reg2_inst'
Finished Sourcing Tcl File [E:/vivado/Vivado/2019.1/data/ip/xpm/xpm_cdc/tcl/xpm_cdc_async_rst.tcl] for cell 'mic_dma_system_i/hp0_memory_interconnect/s00_couplers/auto_pc/inst/gen_axi4_axi3.axi3_conv_inst/USE_WRITE.write_addr_inst/USE_BURSTS.cmd_queue/inst/fifo_gen_inst/inst_fifo_gen/gconvfifo.rf/grf.rf/rstblk/ngwrdrst.grst.g7serrst.gnsckt_wrst.rst_wr_reg2_inst'
Sourcing Tcl File [E:/vivado/Vivado/2019.1/data/ip/xpm/xpm_fifo/tcl/xpm_fifo_rst.tcl] for cell 'mic_dma_system_i/axi_dma_0/U0/I_PRMRY_DATAMOVER/GEN_S2MM_FULL.I_S2MM_FULL_WRAPPER/GEN_ENABLE_INDET_BTT_SF.I_INDET_BTT/I_XD_FIFO/NON_BLK_MEM.I_SYNC_FIFOGEN_FIFO/xpm_fifo_instance.xpm_fifo_sync_inst'
Finished Sourcing Tcl File [E:/vivado/Vivado/2019.1/data/ip/xpm/xpm_fifo/tcl/xpm_fifo_rst.tcl] for cell 'mic_dma_system_i/axi_dma_0/U0/I_PRMRY_DATAMOVER/GEN_S2MM_FULL.I_S2MM_FULL_WRAPPER/GEN_ENABLE_INDET_BTT_SF.I_INDET_BTT/I_XD_FIFO/NON_BLK_MEM.I_SYNC_FIFOGEN_FIFO/xpm_fifo_instance.xpm_fifo_sync_inst'
Sourcing Tcl File [E:/vivado/Vivado/2019.1/data/ip/xpm/xpm_fifo/tcl/xpm_fifo_rst.tcl] for cell 'mic_dma_system_i/axi_dma_0/U0/I_PRMRY_DATAMOVER/GEN_S2MM_FULL.I_S2MM_FULL_WRAPPER/GEN_ENABLE_INDET_BTT_SF.I_INDET_BTT/I_DATA_FIFO/BLK_MEM.I_SYNC_FIFOGEN_FIFO/xpm_fifo_instance.xpm_fifo_sync_inst'
Finished Sourcing Tcl File [E:/vivado/Vivado/2019.1/data/ip/xpm/xpm_fifo/tcl/xpm_fifo_rst.tcl] for cell 'mic_dma_system_i/axi_dma_0/U0/I_PRMRY_DATAMOVER/GEN_S2MM_FULL.I_S2MM_FULL_WRAPPER/GEN_ENABLE_INDET_BTT_SF.I_INDET_BTT/I_DATA_FIFO/BLK_MEM.I_SYNC_FIFOGEN_FIFO/xpm_fifo_instance.xpm_fifo_sync_inst'
INFO: [Opt 31-138] Pushed 0 inverter(s) to 0 load pin(s).
Netlist sorting complete. Time (s): cpu = 00:00:00 ; elapsed = 00:00:00.004 . Memory (MB): peak = 1757.738 ; gain = 0.000
INFO: [Project 1-111] Unisim Transformation Summary:
  A total of 400 instances were transformed.
  CFGLUT5 => CFGLUT5 (SRLC32E, SRL16E): 396 instances
  RAM32M => RAM32M (RAMD32, RAMD32, RAMD32, RAMD32, RAMD32, RAMD32, RAMS32, RAMS32): 4 instances

open_run: Time (s): cpu = 00:00:13 ; elapsed = 00:00:19 . Memory (MB): peak = 1757.738 ; gain = 954.777
# report_utilization -file [file join $report_dir mic_dma_synth_utilization.rpt]
# report_drc -file [file join $report_dir mic_dma_synth_drc.rpt]
Command: report_drc -file D:/microphone/reports/generated/mic_dma_synth_drc.rpt
INFO: [IP_Flow 19-1839] IP Catalog is up to date.
INFO: [DRC 23-27] Running DRC with 2 threads
INFO: [Coretcl 2-168] The results of DRC are in file D:/microphone/reports/generated/mic_dma_synth_drc.rpt.
report_drc completed successfully
# write_hwdef -force -file [file join $report_dir mic_dma.hdf]
# close_design
# launch_runs impl_1 -to_step write_bitstream -jobs 2
[Thu Sep  3 14:04:47 2026] Launched impl_1...
Run output will be captured here: D:/microphone/vivado/build/mic_dma_runtime_probe_20260903/mic_dma.runs/impl_1/runme.log
# wait_on_run impl_1
[Thu Sep  3 14:04:47 2026] Waiting for impl_1 to finish...

*** Running vivado
    with args -log mic_dma_system_wrapper.vdi -applog -m64 -product Vivado -messageDb vivado.pb -mode batch -source mic_dma_system_wrapper.tcl -notrace


****** Vivado v2019.1 (64-bit)
  **** SW Build 2552052 on Fri May 24 14:49:42 MDT 2019
  **** IP Build 2548770 on Fri May 24 18:01:18 MDT 2019
    ** Copyright 1986-2019 Xilinx, Inc. All Rights Reserved.

source mic_dma_system_wrapper.tcl -notrace
INFO: [IP_Flow 19-234] Refreshing IP repositories
INFO: [IP_Flow 19-1704] No user IP repositories specified
INFO: [IP_Flow 19-2313] Loaded Vivado IP repository 'E:/vivado/Vivado/2019.1/data/ip'.
Command: link_design -top mic_dma_system_wrapper -part xc7z020clg400-2
Design is defaulting to srcset: sources_1
Design is defaulting to constrset: constrs_1
INFO: [Device 21-403] Loading part xc7z020clg400-2
INFO: [Project 1-454] Reading design checkpoint 'd:/microphone/vivado/build/mic_dma_runtime_probe_20260903/mic_dma.srcs/sources_1/bd/mic_dma_system/ip/mic_dma_system_axi_dma_0_0/mic_dma_system_axi_dma_0_0.dcp' for cell 'mic_dma_system_i/axi_dma_0'
INFO: [Project 1-454] Reading design checkpoint 'd:/microphone/vivado/build/mic_dma_runtime_probe_20260903/mic_dma.srcs/sources_1/bd/mic_dma_system/ip/mic_dma_system_axi_gpio_diag_0/mic_dma_system_axi_gpio_diag_0.dcp' for cell 'mic_dma_system_i/axi_gpio_diag'
INFO: [Project 1-454] Reading design checkpoint 'd:/microphone/vivado/build/mic_dma_runtime_probe_20260903/mic_dma.srcs/sources_1/bd/mic_dma_system/ip/mic_dma_system_ila_0_0/mic_dma_system_ila_0_0.dcp' for cell 'mic_dma_system_i/ila_0'
INFO: [Project 1-454] Reading design checkpoint 'd:/microphone/vivado/build/mic_dma_runtime_probe_20260903/mic_dma.srcs/sources_1/bd/mic_dma_system/ip/mic_dma_system_mic_dma_pipeline_0_0/mic_dma_system_mic_dma_pipeline_0_0.dcp' for cell 'mic_dma_system_i/mic_dma_pipeline_0'
INFO: [Project 1-454] Reading design checkpoint 'd:/microphone/vivado/build/mic_dma_runtime_probe_20260903/mic_dma.srcs/sources_1/bd/mic_dma_system/ip/mic_dma_system_pl_runtime_probe_0_0/mic_dma_system_pl_runtime_probe_0_0.dcp' for cell 'mic_dma_system_i/pl_runtime_probe_0'
INFO: [Project 1-454] Reading design checkpoint 'd:/microphone/vivado/build/mic_dma_runtime_probe_20260903/mic_dma.srcs/sources_1/bd/mic_dma_system/ip/mic_dma_system_proc_sys_reset_0_0/mic_dma_system_proc_sys_reset_0_0.dcp' for cell 'mic_dma_system_i/proc_sys_reset_0'
INFO: [Project 1-454] Reading design checkpoint 'd:/microphone/vivado/build/mic_dma_runtime_probe_20260903/mic_dma.srcs/sources_1/bd/mic_dma_system/ip/mic_dma_system_processing_system7_0_0/mic_dma_system_processing_system7_0_0.dcp' for cell 'mic_dma_system_i/processing_system7_0'
INFO: [Project 1-454] Reading design checkpoint 'd:/microphone/vivado/build/mic_dma_runtime_probe_20260903/mic_dma.srcs/sources_1/bd/mic_dma_system/ip/mic_dma_system_resetn_inverter_0_0/mic_dma_system_resetn_inverter_0_0.dcp' for cell 'mic_dma_system_i/resetn_inverter_0'
INFO: [Project 1-454] Reading design checkpoint 'd:/microphone/vivado/build/mic_dma_runtime_probe_20260903/mic_dma.srcs/sources_1/bd/mic_dma_system/ip/mic_dma_system_xbar_0/mic_dma_system_xbar_0.dcp' for cell 'mic_dma_system_i/gp0_control_interconnect/xbar'
INFO: [Project 1-454] Reading design checkpoint 'd:/microphone/vivado/build/mic_dma_runtime_probe_20260903/mic_dma.srcs/sources_1/bd/mic_dma_system/ip/mic_dma_system_auto_pc_0/mic_dma_system_auto_pc_0.dcp' for cell 'mic_dma_system_i/gp0_control_interconnect/s00_couplers/auto_pc'
INFO: [Project 1-454] Reading design checkpoint 'd:/microphone/vivado/build/mic_dma_runtime_probe_20260903/mic_dma.srcs/sources_1/bd/mic_dma_system/ip/mic_dma_system_auto_pc_1/mic_dma_system_auto_pc_1.dcp' for cell 'mic_dma_system_i/hp0_memory_interconnect/s00_couplers/auto_pc'
INFO: [Project 1-454] Reading design checkpoint 'd:/microphone/vivado/build/mic_dma_runtime_probe_20260903/mic_dma.srcs/sources_1/bd/mic_dma_system/ip/mic_dma_system_auto_us_0/mic_dma_system_auto_us_0.dcp' for cell 'mic_dma_system_i/hp0_memory_interconnect/s00_couplers/auto_us'
INFO: [Netlist 29-17] Analyzing 841 Unisim elements for replacement
INFO: [Netlist 29-28] Unisim Transformation completed in 0 CPU seconds
INFO: [Project 1-479] Netlist was created with Vivado 2019.1
INFO: [Project 1-570] Preparing netlist for logic optimization
INFO: [Chipscope 16-324] Core: mic_dma_system_i/ila_0 UUID: 210d5a2e-f080-5345-b6cc-4eefb996bbb7 
Parsing XDC File [d:/microphone/vivado/build/mic_dma_runtime_probe_20260903/mic_dma.srcs/sources_1/bd/mic_dma_system/ip/mic_dma_system_processing_system7_0_0/mic_dma_system_processing_system7_0_0.xdc] for cell 'mic_dma_system_i/processing_system7_0/inst'
Finished Parsing XDC File [d:/microphone/vivado/build/mic_dma_runtime_probe_20260903/mic_dma.srcs/sources_1/bd/mic_dma_system/ip/mic_dma_system_processing_system7_0_0/mic_dma_system_processing_system7_0_0.xdc] for cell 'mic_dma_system_i/processing_system7_0/inst'
Parsing XDC File [d:/microphone/vivado/build/mic_dma_runtime_probe_20260903/mic_dma.srcs/sources_1/bd/mic_dma_system/ip/mic_dma_system_proc_sys_reset_0_0/mic_dma_system_proc_sys_reset_0_0_board.xdc] for cell 'mic_dma_system_i/proc_sys_reset_0/U0'
Finished Parsing XDC File [d:/microphone/vivado/build/mic_dma_runtime_probe_20260903/mic_dma.srcs/sources_1/bd/mic_dma_system/ip/mic_dma_system_proc_sys_reset_0_0/mic_dma_system_proc_sys_reset_0_0_board.xdc] for cell 'mic_dma_system_i/proc_sys_reset_0/U0'
Parsing XDC File [d:/microphone/vivado/build/mic_dma_runtime_probe_20260903/mic_dma.srcs/sources_1/bd/mic_dma_system/ip/mic_dma_system_proc_sys_reset_0_0/mic_dma_system_proc_sys_reset_0_0.xdc] for cell 'mic_dma_system_i/proc_sys_reset_0/U0'
Finished Parsing XDC File [d:/microphone/vivado/build/mic_dma_runtime_probe_20260903/mic_dma.srcs/sources_1/bd/mic_dma_system/ip/mic_dma_system_proc_sys_reset_0_0/mic_dma_system_proc_sys_reset_0_0.xdc] for cell 'mic_dma_system_i/proc_sys_reset_0/U0'
Parsing XDC File [d:/microphone/vivado/build/mic_dma_runtime_probe_20260903/mic_dma.srcs/sources_1/bd/mic_dma_system/ip/mic_dma_system_axi_dma_0_0/mic_dma_system_axi_dma_0_0.xdc] for cell 'mic_dma_system_i/axi_dma_0/U0'
WARNING: [Vivado_Tcl 4-921] Waiver ID 'CDC-1' -to list should not be empty. [d:/microphone/vivado/build/mic_dma_runtime_probe_20260903/mic_dma.srcs/sources_1/bd/mic_dma_system/ip/mic_dma_system_axi_dma_0_0/mic_dma_system_axi_dma_0_0.xdc:52]
WARNING: [Vivado_Tcl 4-921] Waiver ID 'CDC-1' -to list should not be empty. [d:/microphone/vivado/build/mic_dma_runtime_probe_20260903/mic_dma.srcs/sources_1/bd/mic_dma_system/ip/mic_dma_system_axi_dma_0_0/mic_dma_system_axi_dma_0_0.xdc:56]
WARNING: [Vivado_Tcl 4-919] Waiver ID 'CDC-1' -from list should not be empty. [d:/microphone/vivado/build/mic_dma_runtime_probe_20260903/mic_dma.srcs/sources_1/bd/mic_dma_system/ip/mic_dma_system_axi_dma_0_0/mic_dma_system_axi_dma_0_0.xdc:61]
Finished Parsing XDC File [d:/microphone/vivado/build/mic_dma_runtime_probe_20260903/mic_dma.srcs/sources_1/bd/mic_dma_system/ip/mic_dma_system_axi_dma_0_0/mic_dma_system_axi_dma_0_0.xdc] for cell 'mic_dma_system_i/axi_dma_0/U0'
Parsing XDC File [d:/microphone/vivado/build/mic_dma_runtime_probe_20260903/mic_dma.srcs/sources_1/bd/mic_dma_system/ip/mic_dma_system_ila_0_0/ila_v6_2/constraints/ila_impl.xdc] for cell 'mic_dma_system_i/ila_0/inst'
Finished Parsing XDC File [d:/microphone/vivado/build/mic_dma_runtime_probe_20260903/mic_dma.srcs/sources_1/bd/mic_dma_system/ip/mic_dma_system_ila_0_0/ila_v6_2/constraints/ila_impl.xdc] for cell 'mic_dma_system_i/ila_0/inst'
Parsing XDC File [d:/microphone/vivado/build/mic_dma_runtime_probe_20260903/mic_dma.srcs/sources_1/bd/mic_dma_system/ip/mic_dma_system_ila_0_0/ila_v6_2/constraints/ila.xdc] for cell 'mic_dma_system_i/ila_0/inst'
Finished Parsing XDC File [d:/microphone/vivado/build/mic_dma_runtime_probe_20260903/mic_dma.srcs/sources_1/bd/mic_dma_system/ip/mic_dma_system_ila_0_0/ila_v6_2/constraints/ila.xdc] for cell 'mic_dma_system_i/ila_0/inst'
Parsing XDC File [d:/microphone/vivado/build/mic_dma_runtime_probe_20260903/mic_dma.srcs/sources_1/bd/mic_dma_system/ip/mic_dma_system_axi_gpio_diag_0/mic_dma_system_axi_gpio_diag_0_board.xdc] for cell 'mic_dma_system_i/axi_gpio_diag/U0'
Finished Parsing XDC File [d:/microphone/vivado/build/mic_dma_runtime_probe_20260903/mic_dma.srcs/sources_1/bd/mic_dma_system/ip/mic_dma_system_axi_gpio_diag_0/mic_dma_system_axi_gpio_diag_0_board.xdc] for cell 'mic_dma_system_i/axi_gpio_diag/U0'
Parsing XDC File [d:/microphone/vivado/build/mic_dma_runtime_probe_20260903/mic_dma.srcs/sources_1/bd/mic_dma_system/ip/mic_dma_system_axi_gpio_diag_0/mic_dma_system_axi_gpio_diag_0.xdc] for cell 'mic_dma_system_i/axi_gpio_diag/U0'
Finished Parsing XDC File [d:/microphone/vivado/build/mic_dma_runtime_probe_20260903/mic_dma.srcs/sources_1/bd/mic_dma_system/ip/mic_dma_system_axi_gpio_diag_0/mic_dma_system_axi_gpio_diag_0.xdc] for cell 'mic_dma_system_i/axi_gpio_diag/U0'
Parsing XDC File [D:/microphone/vivado/lc_ai_k210_7mic.xdc]
CRITICAL WARNING: [Vivado 12-4739] set_input_delay:No valid object(s) found for '-clock [get_clocks -quiet FCLK_CLK0]'. [D:/microphone/vivado/lc_ai_k210_7mic.xdc:14]
Resolution: Check if the specified object(s) exists in the current design. If it does, ensure that the correct design hierarchy was specified for the object. If you are working with clocks, make sure create_clock was used to create the clock object before it is referenced.
CRITICAL WARNING: [Vivado 12-4739] set_input_delay:No valid object(s) found for '-clock [get_clocks -quiet FCLK_CLK0]'. [D:/microphone/vivado/lc_ai_k210_7mic.xdc:15]
Resolution: Check if the specified object(s) exists in the current design. If it does, ensure that the correct design hierarchy was specified for the object. If you are working with clocks, make sure create_clock was used to create the clock object before it is referenced.
Finished Parsing XDC File [D:/microphone/vivado/lc_ai_k210_7mic.xdc]
Parsing XDC File [D:/microphone/vivado/pl_runtime_probe.xdc]
Finished Parsing XDC File [D:/microphone/vivado/pl_runtime_probe.xdc]
Parsing XDC File [d:/microphone/vivado/build/mic_dma_runtime_probe_20260903/mic_dma.srcs/sources_1/bd/mic_dma_system/ip/mic_dma_system_auto_us_0/mic_dma_system_auto_us_0_clocks.xdc] for cell 'mic_dma_system_i/hp0_memory_interconnect/s00_couplers/auto_us/inst'
Finished Parsing XDC File [d:/microphone/vivado/build/mic_dma_runtime_probe_20260903/mic_dma.srcs/sources_1/bd/mic_dma_system/ip/mic_dma_system_auto_us_0/mic_dma_system_auto_us_0_clocks.xdc] for cell 'mic_dma_system_i/hp0_memory_interconnect/s00_couplers/auto_us/inst'
Parsing XDC File [d:/microphone/vivado/build/mic_dma_runtime_probe_20260903/mic_dma.srcs/sources_1/bd/mic_dma_system/ip/mic_dma_system_axi_dma_0_0/mic_dma_system_axi_dma_0_0_clocks.xdc] for cell 'mic_dma_system_i/axi_dma_0/U0'
Finished Parsing XDC File [d:/microphone/vivado/build/mic_dma_runtime_probe_20260903/mic_dma.srcs/sources_1/bd/mic_dma_system/ip/mic_dma_system_axi_dma_0_0/mic_dma_system_axi_dma_0_0_clocks.xdc] for cell 'mic_dma_system_i/axi_dma_0/U0'
Sourcing Tcl File [E:/vivado/Vivado/2019.1/data/ip/xpm/xpm_cdc/tcl/xpm_cdc_async_rst.tcl] for cell 'mic_dma_system_i/hp0_memory_interconnect/s00_couplers/auto_pc/inst/gen_axi4_axi3.axi3_conv_inst/USE_WRITE.write_addr_inst/USE_B_CHANNEL.cmd_b_queue/inst/fifo_gen_inst/inst_fifo_gen/gconvfifo.rf/grf.rf/rstblk/ngwrdrst.grst.g7serrst.gnsckt_wrst.rst_wr_reg2_inst'
Finished Sourcing Tcl File [E:/vivado/Vivado/2019.1/data/ip/xpm/xpm_cdc/tcl/xpm_cdc_async_rst.tcl] for cell 'mic_dma_system_i/hp0_memory_interconnect/s00_couplers/auto_pc/inst/gen_axi4_axi3.axi3_conv_inst/USE_WRITE.write_addr_inst/USE_B_CHANNEL.cmd_b_queue/inst/fifo_gen_inst/inst_fifo_gen/gconvfifo.rf/grf.rf/rstblk/ngwrdrst.grst.g7serrst.gnsckt_wrst.rst_wr_reg2_inst'
Sourcing Tcl File [E:/vivado/Vivado/2019.1/data/ip/xpm/xpm_cdc/tcl/xpm_cdc_async_rst.tcl] for cell 'mic_dma_system_i/hp0_memory_interconnect/s00_couplers/auto_pc/inst/gen_axi4_axi3.axi3_conv_inst/USE_WRITE.write_addr_inst/USE_BURSTS.cmd_queue/inst/fifo_gen_inst/inst_fifo_gen/gconvfifo.rf/grf.rf/rstblk/ngwrdrst.grst.g7serrst.gnsckt_wrst.rst_wr_reg2_inst'
Finished Sourcing Tcl File [E:/vivado/Vivado/2019.1/data/ip/xpm/xpm_cdc/tcl/xpm_cdc_async_rst.tcl] for cell 'mic_dma_system_i/hp0_memory_interconnect/s00_couplers/auto_pc/inst/gen_axi4_axi3.axi3_conv_inst/USE_WRITE.write_addr_inst/USE_BURSTS.cmd_queue/inst/fifo_gen_inst/inst_fifo_gen/gconvfifo.rf/grf.rf/rstblk/ngwrdrst.grst.g7serrst.gnsckt_wrst.rst_wr_reg2_inst'
Sourcing Tcl File [E:/vivado/Vivado/2019.1/data/ip/xpm/xpm_fifo/tcl/xpm_fifo_rst.tcl] for cell 'mic_dma_system_i/axi_dma_0/U0/I_PRMRY_DATAMOVER/GEN_S2MM_FULL.I_S2MM_FULL_WRAPPER/GEN_ENABLE_INDET_BTT_SF.I_INDET_BTT/I_XD_FIFO/NON_BLK_MEM.I_SYNC_FIFOGEN_FIFO/xpm_fifo_instance.xpm_fifo_sync_inst'
Finished Sourcing Tcl File [E:/vivado/Vivado/2019.1/data/ip/xpm/xpm_fifo/tcl/xpm_fifo_rst.tcl] for cell 'mic_dma_system_i/axi_dma_0/U0/I_PRMRY_DATAMOVER/GEN_S2MM_FULL.I_S2MM_FULL_WRAPPER/GEN_ENABLE_INDET_BTT_SF.I_INDET_BTT/I_XD_FIFO/NON_BLK_MEM.I_SYNC_FIFOGEN_FIFO/xpm_fifo_instance.xpm_fifo_sync_inst'
Sourcing Tcl File [E:/vivado/Vivado/2019.1/data/ip/xpm/xpm_fifo/tcl/xpm_fifo_rst.tcl] for cell 'mic_dma_system_i/axi_dma_0/U0/I_PRMRY_DATAMOVER/GEN_S2MM_FULL.I_S2MM_FULL_WRAPPER/GEN_ENABLE_INDET_BTT_SF.I_INDET_BTT/I_DATA_FIFO/BLK_MEM.I_SYNC_FIFOGEN_FIFO/xpm_fifo_instance.xpm_fifo_sync_inst'
Finished Sourcing Tcl File [E:/vivado/Vivado/2019.1/data/ip/xpm/xpm_fifo/tcl/xpm_fifo_rst.tcl] for cell 'mic_dma_system_i/axi_dma_0/U0/I_PRMRY_DATAMOVER/GEN_S2MM_FULL.I_S2MM_FULL_WRAPPER/GEN_ENABLE_INDET_BTT_SF.I_INDET_BTT/I_DATA_FIFO/BLK_MEM.I_SYNC_FIFOGEN_FIFO/xpm_fifo_instance.xpm_fifo_sync_inst'
INFO: [Opt 31-138] Pushed 0 inverter(s) to 0 load pin(s).
Netlist sorting complete. Time (s): cpu = 00:00:00 ; elapsed = 00:00:00.004 . Memory (MB): peak = 1490.332 ; gain = 0.000
INFO: [Project 1-111] Unisim Transformation Summary:
  A total of 400 instances were transformed.
  CFGLUT5 => CFGLUT5 (SRLC32E, SRL16E): 396 instances
  RAM32M => RAM32M (RAMD32, RAMD32, RAMD32, RAMD32, RAMD32, RAMD32, RAMS32, RAMS32): 4 instances

23 Infos, 3 Warnings, 2 Critical Warnings and 0 Errors encountered.
link_design completed successfully
link_design: Time (s): cpu = 00:00:13 ; elapsed = 00:00:20 . Memory (MB): peak = 1490.332 ; gain = 1056.695
Command: opt_design
Attempting to get a license for feature 'Implementation' and/or device 'xc7z020'
INFO: [Common 17-349] Got license for feature 'Implementation' and/or device 'xc7z020'
Running DRC as a precondition to command opt_design

Starting DRC Task
INFO: [DRC 23-27] Running DRC with 2 threads
INFO: [Project 1-461] DRC finished with 0 Errors
INFO: [Project 1-462] Please refer to the DRC report (report_drc) for more information.

Time (s): cpu = 00:00:00 ; elapsed = 00:00:00.374 . Memory (MB): peak = 1490.332 ; gain = 0.000

Starting Cache Timing Information Task
INFO: [Timing 38-35] Done setting XDC timing constraints.
Ending Cache Timing Information Task | Checksum: cb3eb39a

Time (s): cpu = 00:00:01 ; elapsed = 00:00:00.239 . Memory (MB): peak = 1503.324 ; gain = 12.992

Starting Logic Optimization Task

Phase 1 Generate And Synthesize Debug Cores
INFO: [Chipscope 16-329] Generating Script for core instance : dbg_hub 
INFO: [IP_Flow 19-3806] Processing IP xilinx.com:ip:xsdbm:3.0 for cell dbg_hub_CV.
Netlist sorting complete. Time (s): cpu = 00:00:00 ; elapsed = 00:00:00.016 . Memory (MB): peak = 1678.461 ; gain = 0.000
Phase 1 Generate And Synthesize Debug Cores | Checksum: 1eb5a3186

Time (s): cpu = 00:00:02 ; elapsed = 00:00:52 . Memory (MB): peak = 1678.461 ; gain = 37.324

Phase 2 Retarget
INFO: [Opt 31-138] Pushed 1 inverter(s) to 8 load pin(s).
INFO: [Opt 31-49] Retargeted 0 cell(s).
Phase 2 Retarget | Checksum: 204d263da

Time (s): cpu = 00:00:03 ; elapsed = 00:00:52 . Memory (MB): peak = 1678.461 ; gain = 37.324
INFO: [Opt 31-389] Phase Retarget created 21 cells and removed 123 cells
INFO: [Opt 31-1021] In phase Retarget, 70 netlist objects are constrained preventing optimization. Please run opt_design with -debug_log to get more detail. 

Phase 3 Constant propagation
INFO: [Opt 31-138] Pushed 1 inverter(s) to 4 load pin(s).
Phase 3 Constant propagation | Checksum: 1e26398e0

Time (s): cpu = 00:00:03 ; elapsed = 00:00:53 . Memory (MB): peak = 1678.461 ; gain = 37.324
INFO: [Opt 31-389] Phase Constant propagation created 134 cells and removed 337 cells
INFO: [Opt 31-1021] In phase Constant propagation, 54 netlist objects are constrained preventing optimization. Please run opt_design with -debug_log to get more detail. 

Phase 4 Sweep
Phase 4 Sweep | Checksum: 1e73ae1f1

Time (s): cpu = 00:00:03 ; elapsed = 00:00:53 . Memory (MB): peak = 1678.461 ; gain = 37.324
INFO: [Opt 31-389] Phase Sweep created 0 cells and removed 409 cells
INFO: [Opt 31-1021] In phase Sweep, 1175 netlist objects are constrained preventing optimization. Please run opt_design with -debug_log to get more detail. 

Phase 5 BUFG optimization
Phase 5 BUFG optimization | Checksum: 1e73ae1f1

Time (s): cpu = 00:00:04 ; elapsed = 00:00:53 . Memory (MB): peak = 1678.461 ; gain = 37.324
INFO: [Opt 31-662] Phase BUFG optimization created 0 cells of which 0 are BUFGs and removed 0 cells.

Phase 6 Shift Register Optimization
INFO: [Opt 31-1064] SRL Remap converted 0 SRLs to 0 registers and converted 0 registers of register chains to 0 SRLs
Phase 6 Shift Register Optimization | Checksum: 1e73ae1f1

Time (s): cpu = 00:00:04 ; elapsed = 00:00:53 . Memory (MB): peak = 1678.461 ; gain = 37.324
INFO: [Opt 31-389] Phase Shift Register Optimization created 0 cells and removed 0 cells

Phase 7 Post Processing Netlist
Phase 7 Post Processing Netlist | Checksum: 1e73ae1f1

Time (s): cpu = 00:00:04 ; elapsed = 00:00:53 . Memory (MB): peak = 1678.461 ; gain = 37.324
INFO: [Opt 31-389] Phase Post Processing Netlist created 0 cells and removed 0 cells
INFO: [Opt 31-1021] In phase Post Processing Netlist, 67 netlist objects are constrained preventing optimization. Please run opt_design with -debug_log to get more detail. 
Opt_design Change Summary
=========================


-------------------------------------------------------------------------------------------------------------------------
|  Phase                        |  #Cells created  |  #Cells Removed  |  #Constrained objects preventing optimizations  |
-------------------------------------------------------------------------------------------------------------------------
|  Retarget                     |              21  |             123  |                                             70  |
|  Constant propagation         |             134  |             337  |                                             54  |
|  Sweep                        |               0  |             409  |                                           1175  |
|  BUFG optimization            |               0  |               0  |                                              0  |
|  Shift Register Optimization  |               0  |               0  |                                              0  |
|  Post Processing Netlist      |               0  |               0  |                                             67  |
-------------------------------------------------------------------------------------------------------------------------



Starting Connectivity Check Task

Time (s): cpu = 00:00:00 ; elapsed = 00:00:00.014 . Memory (MB): peak = 1678.461 ; gain = 0.000
Ending Logic Optimization Task | Checksum: 24effda82

Time (s): cpu = 00:00:04 ; elapsed = 00:00:53 . Memory (MB): peak = 1678.461 ; gain = 37.324

Starting Power Optimization Task
INFO: [Pwropt 34-132] Skipping clock gating for clocks with a period < 2.00 ns.
INFO: [Timing 38-35] Done setting XDC timing constraints.
INFO: [Pwropt 34-9] Applying IDT optimizations ...
INFO: [Pwropt 34-10] Applying ODC optimizations ...
INFO: [Physopt 32-619] Estimated Timing Summary | WNS=13.683 | TNS=0.000 |
Running Vector-less Activity Propagation...

Finished Running Vector-less Activity Propagation


Starting PowerOpt Patch Enables Task
INFO: [Pwropt 34-162] WRITE_MODE attribute of 0 BRAM(s) out of a total of 15 has been updated to save power. Run report_power_opt to get a complete listing of the BRAMs updated.
INFO: [Pwropt 34-201] Structural ODC has moved 0 WE to EN ports
Number of BRAM Ports augmented: 16 newly gated: 0 Total Ports: 30
Ending PowerOpt Patch Enables Task | Checksum: 15b2c3019

Time (s): cpu = 00:00:00 ; elapsed = 00:00:00.070 . Memory (MB): peak = 1891.375 ; gain = 0.000
Ending Power Optimization Task | Checksum: 15b2c3019

Time (s): cpu = 00:00:04 ; elapsed = 00:00:03 . Memory (MB): peak = 1891.375 ; gain = 212.914

Starting Final Cleanup Task
Ending Final Cleanup Task | Checksum: 15b2c3019

Time (s): cpu = 00:00:00 ; elapsed = 00:00:00 . Memory (MB): peak = 1891.375 ; gain = 0.000

Starting Netlist Obfuscation Task
Netlist sorting complete. Time (s): cpu = 00:00:00 ; elapsed = 00:00:00.008 . Memory (MB): peak = 1891.375 ; gain = 0.000
Ending Netlist Obfuscation Task | Checksum: 1cd80c861

Time (s): cpu = 00:00:00 ; elapsed = 00:00:00.008 . Memory (MB): peak = 1891.375 ; gain = 0.000
INFO: [Common 17-83] Releasing license: Implementation
55 Infos, 3 Warnings, 2 Critical Warnings and 0 Errors encountered.
opt_design completed successfully
opt_design: Time (s): cpu = 00:00:09 ; elapsed = 00:00:58 . Memory (MB): peak = 1891.375 ; gain = 401.043
Netlist sorting complete. Time (s): cpu = 00:00:00 ; elapsed = 00:00:00.004 . Memory (MB): peak = 1891.375 ; gain = 0.000
INFO: [Timing 38-480] Writing timing data to binary archive.
Writing placer database...
Writing XDEF routing.
Writing XDEF routing logical nets.
Writing XDEF routing special nets.
Write XDEF Complete: Time (s): cpu = 00:00:01 ; elapsed = 00:00:00.037 . Memory (MB): peak = 1891.375 ; gain = 0.000
INFO: [Common 17-1381] The checkpoint 'D:/microphone/vivado/build/mic_dma_runtime_probe_20260903/mic_dma.runs/impl_1/mic_dma_system_wrapper_opt.dcp' has been generated.
INFO: [runtcl-4] Executing : report_drc -file mic_dma_system_wrapper_drc_opted.rpt -pb mic_dma_system_wrapper_drc_opted.pb -rpx mic_dma_system_wrapper_drc_opted.rpx
Command: report_drc -file mic_dma_system_wrapper_drc_opted.rpt -pb mic_dma_system_wrapper_drc_opted.pb -rpx mic_dma_system_wrapper_drc_opted.rpx
INFO: [IP_Flow 19-1839] IP Catalog is up to date.
INFO: [DRC 23-27] Running DRC with 2 threads
INFO: [Coretcl 2-168] The results of DRC are in file D:/microphone/vivado/build/mic_dma_runtime_probe_20260903/mic_dma.runs/impl_1/mic_dma_system_wrapper_drc_opted.rpt.
report_drc completed successfully
INFO: [Chipscope 16-240] Debug cores have already been implemented
Command: place_design
Attempting to get a license for feature 'Implementation' and/or device 'xc7z020'
INFO: [Common 17-349] Got license for feature 'Implementation' and/or device 'xc7z020'
INFO: [DRC 23-27] Running DRC with 2 threads
INFO: [Vivado_Tcl 4-198] DRC finished with 0 Errors
INFO: [Vivado_Tcl 4-199] Please refer to the DRC report (report_drc) for more information.
Running DRC as a precondition to command place_design
INFO: [DRC 23-27] Running DRC with 2 threads
INFO: [Vivado_Tcl 4-198] DRC finished with 0 Errors
INFO: [Vivado_Tcl 4-199] Please refer to the DRC report (report_drc) for more information.

Starting Placer Task
INFO: [Place 30-611] Multithreading enabled for place_design using a maximum of 2 CPUs

Phase 1 Placer Initialization

Phase 1.1 Placer Initialization Netlist Sorting
Netlist sorting complete. Time (s): cpu = 00:00:00 ; elapsed = 00:00:00.004 . Memory (MB): peak = 1891.375 ; gain = 0.000
Phase 1.1 Placer Initialization Netlist Sorting | Checksum: 152130a3d

Time (s): cpu = 00:00:00 ; elapsed = 00:00:00.020 . Memory (MB): peak = 1891.375 ; gain = 0.000
Netlist sorting complete. Time (s): cpu = 00:00:00 ; elapsed = 00:00:00.004 . Memory (MB): peak = 1891.375 ; gain = 0.000

Phase 1.2 IO Placement/ Clock Placement/ Build Placer Device
INFO: [Timing 38-35] Done setting XDC timing constraints.
Phase 1.2 IO Placement/ Clock Placement/ Build Placer Device | Checksum: cb2cae73

Time (s): cpu = 00:00:01 ; elapsed = 00:00:01 . Memory (MB): peak = 1891.375 ; gain = 0.000

Phase 1.3 Build Placer Netlist Model
Phase 1.3 Build Placer Netlist Model | Checksum: 12d0ebc2a

Time (s): cpu = 00:00:03 ; elapsed = 00:00:03 . Memory (MB): peak = 1891.375 ; gain = 0.000

Phase 1.4 Constrain Clocks/Macros
Phase 1.4 Constrain Clocks/Macros | Checksum: 12d0ebc2a

Time (s): cpu = 00:00:03 ; elapsed = 00:00:03 . Memory (MB): peak = 1891.375 ; gain = 0.000
Phase 1 Placer Initialization | Checksum: 12d0ebc2a

Time (s): cpu = 00:00:03 ; elapsed = 00:00:03 . Memory (MB): peak = 1891.375 ; gain = 0.000

Phase 2 Global Placement

Phase 2.1 Floorplanning
Phase 2.1 Floorplanning | Checksum: b3f2fe36

Time (s): cpu = 00:00:04 ; elapsed = 00:00:03 . Memory (MB): peak = 1891.375 ; gain = 0.000

Phase 2.2 Global Placement Core

Phase 2.2.1 Physical Synthesis In Placer
INFO: [Physopt 32-65] No nets found for high-fanout optimization.
INFO: [Physopt 32-232] Optimized 0 net. Created 0 new instance.
INFO: [Physopt 32-775] End 1 Pass. Optimized 0 net or cell. Created 0 new cell, deleted 0 existing cell and moved 0 existing cell
INFO: [Physopt 32-670] No setup violation found.  DSP Register Optimization was not performed.
INFO: [Physopt 32-670] No setup violation found.  Shift Register Optimization was not performed.
INFO: [Physopt 32-670] No setup violation found.  BRAM Register Optimization was not performed.
INFO: [Physopt 32-949] No candidate nets found for HD net replication
INFO: [Physopt 32-775] End 1 Pass. Optimized 0 net or cell. Created 0 new cell, deleted 0 existing cell and moved 0 existing cell
Netlist sorting complete. Time (s): cpu = 00:00:00 ; elapsed = 00:00:00.004 . Memory (MB): peak = 1891.375 ; gain = 0.000

Summary of Physical Synthesis Optimizations
============================================


----------------------------------------------------------------------------------------------------------------------------------------
|  Optimization                  |  Added Cells  |  Removed Cells  |  Optimized Cells/Nets  |  Dont Touch  |  Iterations  |  Elapsed   |
----------------------------------------------------------------------------------------------------------------------------------------
|  Very High Fanout              |            0  |              0  |                     0  |           0  |           1  |  00:00:00  |
|  DSP Register                  |            0  |              0  |                     0  |           0  |           0  |  00:00:00  |
|  Shift Register                |            0  |              0  |                     0  |           0  |           0  |  00:00:00  |
|  BRAM Register                 |            0  |              0  |                     0  |           0  |           0  |  00:00:00  |
|  HD Interface Net Replication  |            0  |              0  |                     0  |           0  |           1  |  00:00:00  |
|  Total                         |            0  |              0  |                     0  |           0  |           2  |  00:00:00  |
----------------------------------------------------------------------------------------------------------------------------------------


Phase 2.2.1 Physical Synthesis In Placer | Checksum: 1c68983c5

Time (s): cpu = 00:00:09 ; elapsed = 00:00:06 . Memory (MB): peak = 1891.375 ; gain = 0.000
Phase 2.2 Global Placement Core | Checksum: 15006f6b4

Time (s): cpu = 00:00:09 ; elapsed = 00:00:06 . Memory (MB): peak = 1891.375 ; gain = 0.000
Phase 2 Global Placement | Checksum: 15006f6b4

Time (s): cpu = 00:00:09 ; elapsed = 00:00:06 . Memory (MB): peak = 1891.375 ; gain = 0.000

Phase 3 Detail Placement

Phase 3.1 Commit Multi Column Macros
Phase 3.1 Commit Multi Column Macros | Checksum: 120af4f20

Time (s): cpu = 00:00:10 ; elapsed = 00:00:06 . Memory (MB): peak = 1891.375 ; gain = 0.000

Phase 3.2 Commit Most Macros & LUTRAMs
Phase 3.2 Commit Most Macros & LUTRAMs | Checksum: 19e0ab5b0

Time (s): cpu = 00:00:10 ; elapsed = 00:00:07 . Memory (MB): peak = 1891.375 ; gain = 0.000

Phase 3.3 Area Swap Optimization
Phase 3.3 Area Swap Optimization | Checksum: 1538c89fb

Time (s): cpu = 00:00:10 ; elapsed = 00:00:07 . Memory (MB): peak = 1891.375 ; gain = 0.000

Phase 3.4 Pipeline Register Optimization
Phase 3.4 Pipeline Register Optimization | Checksum: f94b7fd9

Time (s): cpu = 00:00:11 ; elapsed = 00:00:07 . Memory (MB): peak = 1891.375 ; gain = 0.000

Phase 3.5 Small Shape Detail Placement
Phase 3.5 Small Shape Detail Placement | Checksum: 20ff3a360

Time (s): cpu = 00:00:12 ; elapsed = 00:00:09 . Memory (MB): peak = 1891.375 ; gain = 0.000

Phase 3.6 Re-assign LUT pins
Phase 3.6 Re-assign LUT pins | Checksum: 1dcc3e480

Time (s): cpu = 00:00:12 ; elapsed = 00:00:09 . Memory (MB): peak = 1891.375 ; gain = 0.000

Phase 3.7 Pipeline Register Optimization
Phase 3.7 Pipeline Register Optimization | Checksum: 1d3befbe5

Time (s): cpu = 00:00:12 ; elapsed = 00:00:09 . Memory (MB): peak = 1891.375 ; gain = 0.000
Phase 3 Detail Placement | Checksum: 1d3befbe5

Time (s): cpu = 00:00:12 ; elapsed = 00:00:09 . Memory (MB): peak = 1891.375 ; gain = 0.000

Phase 4 Post Placement Optimization and Clean-Up

Phase 4.1 Post Commit Optimization
INFO: [Timing 38-35] Done setting XDC timing constraints.

Phase 4.1.1 Post Placement Optimization
Post Placement Optimization Initialization | Checksum: 2221e6348

Phase 4.1.1.1 BUFG Insertion
INFO: [Place 46-56] BUFG insertion identified 0 candidate nets. Inserted BUFG: 0, Replicated BUFG Driver: 0, Skipped due to Placement/Routing Conflicts: 0, Skipped due to Timing Degradation: 0, Skipped due to Illegal Netlist: 0.
Phase 4.1.1.1 BUFG Insertion | Checksum: 2221e6348

Time (s): cpu = 00:00:14 ; elapsed = 00:00:10 . Memory (MB): peak = 1891.375 ; gain = 0.000
INFO: [Place 30-746] Post Placement Timing Summary WNS=13.114. For the most accurate timing information please run report_timing.
Phase 4.1.1 Post Placement Optimization | Checksum: 20dc513b4

Time (s): cpu = 00:00:14 ; elapsed = 00:00:10 . Memory (MB): peak = 1891.375 ; gain = 0.000
Phase 4.1 Post Commit Optimization | Checksum: 20dc513b4

Time (s): cpu = 00:00:14 ; elapsed = 00:00:10 . Memory (MB): peak = 1891.375 ; gain = 0.000

Phase 4.2 Post Placement Cleanup
Phase 4.2 Post Placement Cleanup | Checksum: 20dc513b4

Time (s): cpu = 00:00:14 ; elapsed = 00:00:10 . Memory (MB): peak = 1891.375 ; gain = 0.000

Phase 4.3 Placer Reporting
Phase 4.3 Placer Reporting | Checksum: 20dc513b4

Time (s): cpu = 00:00:14 ; elapsed = 00:00:10 . Memory (MB): peak = 1891.375 ; gain = 0.000

Phase 4.4 Final Placement Cleanup
Netlist sorting complete. Time (s): cpu = 00:00:00 ; elapsed = 00:00:00.004 . Memory (MB): peak = 1891.375 ; gain = 0.000
Phase 4.4 Final Placement Cleanup | Checksum: 1f2fdac66

Time (s): cpu = 00:00:14 ; elapsed = 00:00:10 . Memory (MB): peak = 1891.375 ; gain = 0.000
Phase 4 Post Placement Optimization and Clean-Up | Checksum: 1f2fdac66

Time (s): cpu = 00:00:14 ; elapsed = 00:00:10 . Memory (MB): peak = 1891.375 ; gain = 0.000
Ending Placer Task | Checksum: 160bebfaa

Time (s): cpu = 00:00:14 ; elapsed = 00:00:10 . Memory (MB): peak = 1891.375 ; gain = 0.000
INFO: [Common 17-83] Releasing license: Implementation
83 Infos, 3 Warnings, 2 Critical Warnings and 0 Errors encountered.
place_design completed successfully
place_design: Time (s): cpu = 00:00:15 ; elapsed = 00:00:11 . Memory (MB): peak = 1891.375 ; gain = 0.000
Netlist sorting complete. Time (s): cpu = 00:00:00 ; elapsed = 00:00:00.004 . Memory (MB): peak = 1891.375 ; gain = 0.000
INFO: [Timing 38-480] Writing timing data to binary archive.
Writing placer database...
Writing XDEF routing.
Writing XDEF routing logical nets.
Writing XDEF routing special nets.
Write XDEF Complete: Time (s): cpu = 00:00:02 ; elapsed = 00:00:00.586 . Memory (MB): peak = 1891.375 ; gain = 0.000
INFO: [Common 17-1381] The checkpoint 'D:/microphone/vivado/build/mic_dma_runtime_probe_20260903/mic_dma.runs/impl_1/mic_dma_system_wrapper_placed.dcp' has been generated.
INFO: [runtcl-4] Executing : report_io -file mic_dma_system_wrapper_io_placed.rpt
report_io: Time (s): cpu = 00:00:00 ; elapsed = 00:00:00.029 . Memory (MB): peak = 1891.375 ; gain = 0.000
INFO: [runtcl-4] Executing : report_utilization -file mic_dma_system_wrapper_utilization_placed.rpt -pb mic_dma_system_wrapper_utilization_placed.pb
INFO: [runtcl-4] Executing : report_control_sets -verbose -file mic_dma_system_wrapper_control_sets_placed.rpt
report_control_sets: Time (s): cpu = 00:00:00 ; elapsed = 00:00:00.229 . Memory (MB): peak = 1891.375 ; gain = 0.000
Command: route_design
Attempting to get a license for feature 'Implementation' and/or device 'xc7z020'
INFO: [Common 17-349] Got license for feature 'Implementation' and/or device 'xc7z020'
Running DRC as a precondition to command route_design
INFO: [DRC 23-27] Running DRC with 2 threads
INFO: [Vivado_Tcl 4-198] DRC finished with 0 Errors
INFO: [Vivado_Tcl 4-199] Please refer to the DRC report (report_drc) for more information.


Starting Routing Task
INFO: [Route 35-254] Multithreading enabled for route_design using a maximum of 2 CPUs
Checksum: PlaceDB: c15ff1c8 ConstDB: 0 ShapeSum: 9f5ecde2 RouteDB: 0

Phase 1 Build RT Design
Phase 1 Build RT Design | Checksum: 1a1c9e10b

Time (s): cpu = 00:00:14 ; elapsed = 00:00:12 . Memory (MB): peak = 1891.375 ; gain = 0.000
Post Restoration Checksum: NetGraph: f997734f NumContArr: a8326dbc Constraints: 0 Timing: 0

Phase 2 Router Initialization

Phase 2.1 Create Timer
Phase 2.1 Create Timer | Checksum: 1a1c9e10b

Time (s): cpu = 00:00:14 ; elapsed = 00:00:12 . Memory (MB): peak = 1892.340 ; gain = 0.965

Phase 2.2 Fix Topology Constraints
Phase 2.2 Fix Topology Constraints | Checksum: 1a1c9e10b

Time (s): cpu = 00:00:14 ; elapsed = 00:00:12 . Memory (MB): peak = 1901.117 ; gain = 9.742

Phase 2.3 Pre Route Cleanup
Phase 2.3 Pre Route Cleanup | Checksum: 1a1c9e10b

Time (s): cpu = 00:00:14 ; elapsed = 00:00:12 . Memory (MB): peak = 1901.117 ; gain = 9.742
 Number of Nodes with overlaps = 0

Phase 2.4 Update Timing
Phase 2.4 Update Timing | Checksum: 11027d765

Time (s): cpu = 00:00:16 ; elapsed = 00:00:14 . Memory (MB): peak = 1931.379 ; gain = 40.004
INFO: [Route 35-416] Intermediate Timing Summary | WNS=13.334 | TNS=0.000  | WHS=-0.365 | THS=-494.663|


Phase 2.5 Update Timing for Bus Skew

Phase 2.5.1 Update Timing
Phase 2.5.1 Update Timing | Checksum: fc10c43c

Time (s): cpu = 00:00:18 ; elapsed = 00:00:14 . Memory (MB): peak = 1942.746 ; gain = 51.371
INFO: [Route 35-416] Intermediate Timing Summary | WNS=13.334 | TNS=0.000  | WHS=N/A    | THS=N/A    |

Phase 2.5 Update Timing for Bus Skew | Checksum: f2f12287

Time (s): cpu = 00:00:18 ; elapsed = 00:00:14 . Memory (MB): peak = 1955.078 ; gain = 63.703
Phase 2 Router Initialization | Checksum: 158bc92cd

Time (s): cpu = 00:00:18 ; elapsed = 00:00:14 . Memory (MB): peak = 1955.078 ; gain = 63.703

Router Utilization Summary
  Global Vertical Routing Utilization    = 0 %
  Global Horizontal Routing Utilization  = 0 %
  Routable Net Status*
  *Does not include unroutable nets such as driverless and loadless.
  Run report_route_status for detailed report.
  Number of Failed Nets               = 11707
    (Failed Nets is the sum of unrouted and partially routed nets)
  Number of Unrouted Nets             = 11707
  Number of Partially Routed Nets     = 0
  Number of Node Overlaps             = 0


Phase 3 Initial Routing
Phase 3 Initial Routing | Checksum: 19f1da806

Time (s): cpu = 00:00:19 ; elapsed = 00:00:15 . Memory (MB): peak = 1955.078 ; gain = 63.703

Phase 4 Rip-up And Reroute

Phase 4.1 Global Iteration 0
 Number of Nodes with overlaps = 810
 Number of Nodes with overlaps = 31
 Number of Nodes with overlaps = 0
INFO: [Route 35-416] Intermediate Timing Summary | WNS=10.941 | TNS=0.000  | WHS=N/A    | THS=N/A    |

Phase 4.1 Global Iteration 0 | Checksum: 25468df91

Time (s): cpu = 00:00:21 ; elapsed = 00:00:16 . Memory (MB): peak = 1955.078 ; gain = 63.703
Phase 4 Rip-up And Reroute | Checksum: 25468df91

Time (s): cpu = 00:00:21 ; elapsed = 00:00:16 . Memory (MB): peak = 1955.078 ; gain = 63.703

Phase 5 Delay and Skew Optimization

Phase 5.1 Delay CleanUp
Phase 5.1 Delay CleanUp | Checksum: 25468df91

Time (s): cpu = 00:00:21 ; elapsed = 00:00:16 . Memory (MB): peak = 1955.078 ; gain = 63.703

Phase 5.2 Clock Skew Optimization
Phase 5.2 Clock Skew Optimization | Checksum: 25468df91

Time (s): cpu = 00:00:21 ; elapsed = 00:00:16 . Memory (MB): peak = 1955.078 ; gain = 63.703
Phase 5 Delay and Skew Optimization | Checksum: 25468df91

Time (s): cpu = 00:00:21 ; elapsed = 00:00:16 . Memory (MB): peak = 1955.078 ; gain = 63.703

Phase 6 Post Hold Fix

Phase 6.1 Hold Fix Iter

Phase 6.1.1 Update Timing
Phase 6.1.1 Update Timing | Checksum: 1e6a3b439

Time (s): cpu = 00:00:22 ; elapsed = 00:00:17 . Memory (MB): peak = 1955.078 ; gain = 63.703
INFO: [Route 35-416] Intermediate Timing Summary | WNS=10.941 | TNS=0.000  | WHS=0.031  | THS=0.000  |

Phase 6.1 Hold Fix Iter | Checksum: 268fa382c

Time (s): cpu = 00:00:22 ; elapsed = 00:00:17 . Memory (MB): peak = 1955.078 ; gain = 63.703
Phase 6 Post Hold Fix | Checksum: 268fa382c

Time (s): cpu = 00:00:22 ; elapsed = 00:00:17 . Memory (MB): peak = 1955.078 ; gain = 63.703

Phase 7 Route finalize

Router Utilization Summary
  Global Vertical Routing Utilization    = 1.67174 %
  Global Horizontal Routing Utilization  = 2.09178 %
  Routable Net Status*
  *Does not include unroutable nets such as driverless and loadless.
  Run report_route_status for detailed report.
  Number of Failed Nets               = 0
    (Failed Nets is the sum of unrouted and partially routed nets)
  Number of Unrouted Nets             = 0
  Number of Partially Routed Nets     = 0
  Number of Node Overlaps             = 0

Phase 7 Route finalize | Checksum: 1e79cbd2c

Time (s): cpu = 00:00:22 ; elapsed = 00:00:17 . Memory (MB): peak = 1955.078 ; gain = 63.703

Phase 8 Verifying routed nets

 Verification completed successfully
Phase 8 Verifying routed nets | Checksum: 1e79cbd2c

Time (s): cpu = 00:00:22 ; elapsed = 00:00:17 . Memory (MB): peak = 1955.078 ; gain = 63.703

Phase 9 Depositing Routes
Phase 9 Depositing Routes | Checksum: 1eef56e49

Time (s): cpu = 00:00:22 ; elapsed = 00:00:17 . Memory (MB): peak = 1955.078 ; gain = 63.703

Phase 10 Post Router Timing
INFO: [Route 35-57] Estimated Timing Summary | WNS=10.941 | TNS=0.000  | WHS=0.031  | THS=0.000  |

INFO: [Route 35-327] The final timing numbers are based on the router estimated timing analysis. For a complete and accurate timing signoff, please run report_timing_summary.
Phase 10 Post Router Timing | Checksum: 1eef56e49

Time (s): cpu = 00:00:22 ; elapsed = 00:00:17 . Memory (MB): peak = 1955.078 ; gain = 63.703
INFO: [Route 35-16] Router Completed Successfully

Time (s): cpu = 00:00:22 ; elapsed = 00:00:17 . Memory (MB): peak = 1955.078 ; gain = 63.703

Routing Is Done.
INFO: [Common 17-83] Releasing license: Implementation
101 Infos, 3 Warnings, 2 Critical Warnings and 0 Errors encountered.
route_design completed successfully
route_design: Time (s): cpu = 00:00:24 ; elapsed = 00:00:18 . Memory (MB): peak = 1955.078 ; gain = 63.703
Netlist sorting complete. Time (s): cpu = 00:00:00 ; elapsed = 00:00:00.004 . Memory (MB): peak = 1955.078 ; gain = 0.000
INFO: [Timing 38-480] Writing timing data to binary archive.
Writing placer database...
Writing XDEF routing.
Writing XDEF routing logical nets.
Writing XDEF routing special nets.
Write XDEF Complete: Time (s): cpu = 00:00:02 ; elapsed = 00:00:00.713 . Memory (MB): peak = 1955.078 ; gain = 0.000
INFO: [Common 17-1381] The checkpoint 'D:/microphone/vivado/build/mic_dma_runtime_probe_20260903/mic_dma.runs/impl_1/mic_dma_system_wrapper_routed.dcp' has been generated.
INFO: [runtcl-4] Executing : report_drc -file mic_dma_system_wrapper_drc_routed.rpt -pb mic_dma_system_wrapper_drc_routed.pb -rpx mic_dma_system_wrapper_drc_routed.rpx
Command: report_drc -file mic_dma_system_wrapper_drc_routed.rpt -pb mic_dma_system_wrapper_drc_routed.pb -rpx mic_dma_system_wrapper_drc_routed.rpx
INFO: [IP_Flow 19-1839] IP Catalog is up to date.
INFO: [DRC 23-27] Running DRC with 2 threads
INFO: [Coretcl 2-168] The results of DRC are in file D:/microphone/vivado/build/mic_dma_runtime_probe_20260903/mic_dma.runs/impl_1/mic_dma_system_wrapper_drc_routed.rpt.
report_drc completed successfully
INFO: [runtcl-4] Executing : report_methodology -file mic_dma_system_wrapper_methodology_drc_routed.rpt -pb mic_dma_system_wrapper_methodology_drc_routed.pb -rpx mic_dma_system_wrapper_methodology_drc_routed.rpx
Command: report_methodology -file mic_dma_system_wrapper_methodology_drc_routed.rpt -pb mic_dma_system_wrapper_methodology_drc_routed.pb -rpx mic_dma_system_wrapper_methodology_drc_routed.rpx
INFO: [Timing 38-35] Done setting XDC timing constraints.
INFO: [DRC 23-133] Running Methodology with 2 threads
INFO: [Coretcl 2-1520] The results of Report Methodology are in file D:/microphone/vivado/build/mic_dma_runtime_probe_20260903/mic_dma.runs/impl_1/mic_dma_system_wrapper_methodology_drc_routed.rpt.
report_methodology completed successfully
INFO: [runtcl-4] Executing : report_power -file mic_dma_system_wrapper_power_routed.rpt -pb mic_dma_system_wrapper_power_summary_routed.pb -rpx mic_dma_system_wrapper_power_routed.rpx
Command: report_power -file mic_dma_system_wrapper_power_routed.rpt -pb mic_dma_system_wrapper_power_summary_routed.pb -rpx mic_dma_system_wrapper_power_routed.rpx
INFO: [Timing 38-35] Done setting XDC timing constraints.
Running Vector-less Activity Propagation...

Finished Running Vector-less Activity Propagation
WARNING: [Power 33-332] Found switching activity that implies high-fanout reset nets being asserted for excessive periods of time which may result in inaccurate power analysis.
Resolution: To review and fix problems, please run Power Constraints Advisor in the GUI from Tools > Power Constraints Advisor or run report_power with the -advisory option to generate a text report.
113 Infos, 4 Warnings, 2 Critical Warnings and 0 Errors encountered.
report_power completed successfully
INFO: [runtcl-4] Executing : report_route_status -file mic_dma_system_wrapper_route_status.rpt -pb mic_dma_system_wrapper_route_status.pb
INFO: [runtcl-4] Executing : report_timing_summary -max_paths 10 -file mic_dma_system_wrapper_timing_summary_routed.rpt -pb mic_dma_system_wrapper_timing_summary_routed.pb -rpx mic_dma_system_wrapper_timing_summary_routed.rpx -warn_on_violation 
INFO: [Timing 38-91] UpdateTimingParams: Speed grade: -2, Delay Type: min_max.
INFO: [Timing 38-191] Multithreading enabled for timing update using a maximum of 2 CPUs
WARNING: [Timing 38-436] There are set_bus_skew constraint(s) in this design. Please run report_bus_skew to ensure that bus skew requirements are met.
INFO: [runtcl-4] Executing : report_incremental_reuse -file mic_dma_system_wrapper_incremental_reuse_routed.rpt
INFO: [Vivado_Tcl 4-1062] Incremental flow is disabled. No incremental reuse Info to report.
INFO: [runtcl-4] Executing : report_clock_utilization -file mic_dma_system_wrapper_clock_utilization_routed.rpt
INFO: [runtcl-4] Executing : report_bus_skew -warn_on_violation -file mic_dma_system_wrapper_bus_skew_routed.rpt -pb mic_dma_system_wrapper_bus_skew_routed.pb -rpx mic_dma_system_wrapper_bus_skew_routed.rpx
INFO: [Timing 38-91] UpdateTimingParams: Speed grade: -2, Delay Type: min_max.
INFO: [Timing 38-191] Multithreading enabled for timing update using a maximum of 2 CPUs
INFO: [Memdata 28-167] Found XPM memory block mic_dma_system_i/axi_dma_0/U0/I_PRMRY_DATAMOVER/GEN_S2MM_FULL.I_S2MM_FULL_WRAPPER/GEN_ENABLE_INDET_BTT_SF.I_INDET_BTT/I_XD_FIFO/NON_BLK_MEM.I_SYNC_FIFOGEN_FIFO/xpm_fifo_instance.xpm_fifo_sync_inst/xpm_fifo_base_inst/gen_sdpram.xpm_memory_base_inst with a P_MEMORY_PRIMITIVE property set to auto. A value of block is required. You will not be able to use the updatemem program to update the bitstream with new data for the mic_dma_system_i/axi_dma_0/U0/I_PRMRY_DATAMOVER/GEN_S2MM_FULL.I_S2MM_FULL_WRAPPER/GEN_ENABLE_INDET_BTT_SF.I_INDET_BTT/I_XD_FIFO/NON_BLK_MEM.I_SYNC_FIFOGEN_FIFO/xpm_fifo_instance.xpm_fifo_sync_inst/xpm_fifo_base_inst/gen_sdpram.xpm_memory_base_inst block.
INFO: [Memdata 28-208] The XPM instance: <mic_dma_system_i/axi_dma_0/U0/I_PRMRY_DATAMOVER/GEN_S2MM_FULL.I_S2MM_FULL_WRAPPER/GEN_ENABLE_INDET_BTT_SF.I_INDET_BTT/I_DATA_FIFO/BLK_MEM.I_SYNC_FIFOGEN_FIFO/xpm_fifo_instance.xpm_fifo_sync_inst/xpm_fifo_base_inst/gen_sdpram.xpm_memory_base_inst> is part of IP: <mic_dma_system_i/axi_dma_0>. This XPM instance will be excluded from the .mmi because updatemem is prohibited from making changes to an XPM that is part of an IP.
Command: write_bitstream -force mic_dma_system_wrapper.bit
Attempting to get a license for feature 'Implementation' and/or device 'xc7z020'
INFO: [Common 17-349] Got license for feature 'Implementation' and/or device 'xc7z020'
Running DRC as a precondition to command write_bitstream
INFO: [IP_Flow 19-1839] IP Catalog is up to date.
INFO: [DRC 23-27] Running DRC with 2 threads
WARNING: [DRC RTSTAT-10] No routable loads: 35 net(s) have no routable loads. The problem bus(es) and/or net(s) are mic_dma_system_i/hp0_memory_interconnect/s00_couplers/auto_pc/inst/gen_axi4_axi3.axi3_conv_inst/USE_WRITE.write_addr_inst/USE_BURSTS.cmd_queue/inst/fifo_gen_inst/inst_fifo_gen/gconvfifo.rf/grf.rf/gntv_or_sync_fifo.gl0.rd/gr1.gr1_int.rfwft/aempty_fwft_i, dbg_hub/inst/BSCANID.u_xsdbm_id/CORE_XSDB.UUT_MASTER/U_ICON_INTERFACE/U_CMD6_RD/U_RD_FIFO/SUBCORE_FIFO.xsdbm_v3_0_0_rdfifo_inst/inst_fifo_gen/gconvfifo.rf/grf.rf/gntv_or_sync_fifo.gl0.rd/gr1.gr1_int.rfwft/aempty_fwft_i, mic_dma_system_i/hp0_memory_interconnect/s00_couplers/auto_pc/inst/gen_axi4_axi3.axi3_conv_inst/USE_WRITE.write_addr_inst/USE_B_CHANNEL.cmd_b_queue/inst/fifo_gen_inst/inst_fifo_gen/gconvfifo.rf/grf.rf/gntv_or_sync_fifo.gl0.rd/gr1.gr1_int.rfwft/aempty_fwft_i, dbg_hub/inst/BSCANID.u_xsdbm_id/CORE_XSDB.UUT_MASTER/U_ICON_INTERFACE/U_CMD7_CTL/ctl_reg[2:0], dbg_hub/inst/BSCANID.u_xsdbm_id/CORE_XSDB.UUT_MASTER/U_ICON_INTERFACE/U_CMD1/ctl_reg_en_2[1], dbg_hub/inst/BSCANID.u_xsdbm_id/CORE_XSDB.UUT_MASTER/U_ICON_INTERFACE/U_CMD7_CTL/ctl_reg_en_2[1], dbg_hub/inst/BSCANID.u_xsdbm_id/SWITCH_N_EXT_BSCAN.bscan_switch/m_bscan_capture[0], dbg_hub/inst/BSCANID.u_xsdbm_id/SWITCH_N_EXT_BSCAN.bscan_switch/m_bscan_drck[0], dbg_hub/inst/BSCANID.u_xsdbm_id/SWITCH_N_EXT_BSCAN.bscan_switch/m_bscan_runtest[0], dbg_hub/inst/BSCANID.u_xsdbm_id/CORE_XSDB.UUT_MASTER/U_ICON_INTERFACE/U_CMD6_WR/U_WR_FIFO/SUBCORE_FIFO.xsdbm_v3_0_0_wrfifo_inst/inst_fifo_gen/gconvfifo.rf/grf.rf/gntv_or_sync_fifo.gl0.wr/gwhf.whf/overflow, dbg_hub/inst/BSCANID.u_xsdbm_id/CORE_XSDB.UUT_MASTER/U_ICON_INTERFACE/U_CMD6_RD/U_RD_FIFO/SUBCORE_FIFO.xsdbm_v3_0_0_rdfifo_inst/inst_fifo_gen/gconvfifo.rf/grf.rf/gntv_or_sync_fifo.gl0.wr/gwhf.whf/overflow, mic_dma_system_i/hp0_memory_interconnect/s00_couplers/auto_pc/inst/gen_axi4_axi3.axi3_conv_inst/USE_WRITE.write_addr_inst/USE_BURSTS.cmd_queue/inst/fifo_gen_inst/inst_fifo_gen/gconvfifo.rf/grf.rf/gntv_or_sync_fifo.gl0.wr/gwss.wsts/ram_afull_fb, mic_dma_system_i/hp0_memory_interconnect/s00_couplers/auto_pc/inst/gen_axi4_axi3.axi3_conv_inst/USE_WRITE.write_addr_inst/USE_B_CHANNEL.cmd_b_queue/inst/fifo_gen_inst/inst_fifo_gen/gconvfifo.rf/grf.rf/gntv_or_sync_fifo.gl0.wr/gwss.wsts/ram_afull_fb, mic_dma_system_i/hp0_memory_interconnect/s00_couplers/auto_pc/inst/gen_axi4_axi3.axi3_conv_inst/USE_WRITE.write_addr_inst/USE_B_CHANNEL.cmd_b_queue/inst/fifo_gen_inst/inst_fifo_gen/gconvfifo.rf/grf.rf/gntv_or_sync_fifo.gl0.wr/gwss.wsts/ram_afull_i, mic_dma_system_i/hp0_memory_interconnect/s00_couplers/auto_pc/inst/gen_axi4_axi3.axi3_conv_inst/USE_WRITE.write_addr_inst/USE_BURSTS.cmd_queue/inst/fifo_gen_inst/inst_fifo_gen/gconvfifo.rf/grf.rf/gntv_or_sync_fifo.gl0.wr/gwss.wsts/ram_afull_i... and (the first 15 of 33 listed).
INFO: [DRC REQP-181] writefirst: Synchronous clocking is detected for BRAM (mic_dma_system_i/axi_dma_0/U0/I_PRMRY_DATAMOVER/GEN_S2MM_FULL.I_S2MM_FULL_WRAPPER/GEN_ENABLE_INDET_BTT_SF.I_INDET_BTT/I_DATA_FIFO/BLK_MEM.I_SYNC_FIFOGEN_FIFO/xpm_fifo_instance.xpm_fifo_sync_inst/xpm_fifo_base_inst/gen_sdpram.xpm_memory_base_inst/gen_wr_a.gen_word_narrow.mem_reg) in SDP mode with WRITE_FIRST write-mode. This is the preferred mode for best power characteristics, however it may exhibit address collisions if the same address appears on both read and write ports resulting in unknown or corrupted read data. It is suggested to confirm via simulation that an address collision never occurs and if so it is suggested to try and avoid this situation. If address collisions cannot be avoided, the write-mode may be set to READ_FIRST which guarantees that the read data is the prior contents of the memory at the cost of additional power in the design. See the FPGA Memory Resources User Guide for additional information.
INFO: [Vivado 12-3199] DRC finished with 0 Errors, 1 Warnings, 1 Advisories
INFO: [Vivado 12-3200] Please refer to the DRC report (report_drc) for more information.
INFO: [Designutils 20-2272] Running write_bitstream with 2 threads.
Loading data files...
Loading site data...
Loading route data...
Processing options...
Creating bitmap...
Creating bitstream...
Writing bitstream ./mic_dma_system_wrapper.bit...
INFO: [Vivado 12-1842] Bitgen Completed Successfully.
INFO: [Project 1-120] WebTalk data collection is mandatory when using a WebPACK part without a full Vivado license. To see the specific WebTalk data collected for your design, open the usage_statistics_webtalk.html or usage_statistics_webtalk.xml file in the implementation directory.
INFO: [Common 17-83] Releasing license: Implementation
135 Infos, 6 Warnings, 2 Critical Warnings and 0 Errors encountered.
write_bitstream completed successfully
write_bitstream: Time (s): cpu = 00:00:13 ; elapsed = 00:00:13 . Memory (MB): peak = 2464.066 ; gain = 459.730
INFO: [Common 17-206] Exiting Vivado at Thu Sep  3 14:07:20 2026...
[Thu Sep  3 14:07:23 2026] impl_1 finished
wait_on_run: Time (s): cpu = 00:00:01 ; elapsed = 00:02:36 . Memory (MB): peak = 1757.738 ; gain = 0.000
# if {[get_property PROGRESS [get_runs impl_1]] ne "100%" ||
#     [get_property STATUS [get_runs impl_1]] ni {"write_bitstream Complete!" "route_design Complete!" "Complete"}} {
#     error "implementation did not complete: [get_property STATUS [get_runs impl_1]]"
# }
# open_run impl_1
INFO: [Netlist 29-17] Analyzing 853 Unisim elements for replacement
INFO: [Netlist 29-28] Unisim Transformation completed in 0 CPU seconds
INFO: [Project 1-479] Netlist was created with Vivado 2019.1
INFO: [Project 1-570] Preparing netlist for logic optimization
INFO: [Timing 38-478] Restoring timing data from binary archive.
INFO: [Timing 38-479] Binary timing data restore complete.
INFO: [Project 1-856] Restoring constraints from binary archive.
INFO: [Project 1-853] Binary constraint restore complete.
Reading XDEF placement.
Reading placer database...
Reading XDEF routing.
Read XDEF File: Time (s): cpu = 00:00:01 ; elapsed = 00:00:00.689 . Memory (MB): peak = 1812.332 ; gain = 0.000
Restored from archive | CPU: 1.000000 secs | Memory: 0.000000 MB |
Finished XDEF File Restore: Time (s): cpu = 00:00:01 ; elapsed = 00:00:00.690 . Memory (MB): peak = 1812.332 ; gain = 0.000
Netlist sorting complete. Time (s): cpu = 00:00:00 ; elapsed = 00:00:00.004 . Memory (MB): peak = 1812.332 ; gain = 0.000
INFO: [Project 1-111] Unisim Transformation Summary:
  A total of 406 instances were transformed.
  CFGLUT5 => CFGLUT5 (SRLC32E, SRL16E): 396 instances
  RAM32M => RAM32M (RAMD32, RAMD32, RAMD32, RAMD32, RAMD32, RAMD32, RAMS32, RAMS32): 10 instances

# report_utilization -file [file join $report_dir mic_dma_impl_utilization.rpt]
# report_timing_summary -delay_type min_max -check_timing_verbose \
#     -file [file join $report_dir mic_dma_impl_timing.rpt]
INFO: [Timing 38-91] UpdateTimingParams: Speed grade: -2, Delay Type: min_max.
INFO: [Timing 38-191] Multithreading enabled for timing update using a maximum of 2 CPUs
WARNING: [Timing 38-436] There are set_bus_skew constraint(s) in this design. Please run report_bus_skew to ensure that bus skew requirements are met.
# report_drc -file [file join $report_dir mic_dma_impl_drc.rpt]
Command: report_drc -file D:/microphone/reports/generated/mic_dma_impl_drc.rpt
INFO: [IP_Flow 19-1839] IP Catalog is up to date.
INFO: [DRC 23-27] Running DRC with 2 threads
INFO: [Coretcl 2-168] The results of DRC are in file D:/microphone/reports/generated/mic_dma_impl_drc.rpt.
report_drc completed successfully
# set critical_drc [get_drc_violations -quiet -filter {IS_ENABLED && (SEVERITY == Error || SEVERITY == Critical Warning)}]
# if {[llength $critical_drc] != 0} {
#     error "implementation has [llength $critical_drc] critical DRC violation(s)"
# }
# set worst [get_timing_paths -delay_type max -max_paths 1 -nworst 1]
# if {[llength $worst] == 0} { error "implementation timing path missing" }
# set slack [get_property SLACK [lindex $worst 0]]
# if {$slack < 0.0} { error "implementation timing failed: WNS=$slack" }
# puts "MIC_DMA_IMPLEMENTATION_PASS WNS=$slack"
MIC_DMA_IMPLEMENTATION_PASS WNS=10.943
# puts "MIC_DMA_VIVADO_PASS"
MIC_DMA_VIVADO_PASS
# exit 0
INFO: [Common 17-206] Exiting Vivado at Thu Sep  3 14:07:30 2026...
